0.0864351327219769,0.076609697735812,-0.0791538699159088,-0.069990312406791,-0.0794237896717129,-0.0702267727694011,0.040861494806912,0.0404271383814926,-0.0928605910826655,0.00683633325389634,0.0375799800620028,0.0111166014577949,0.0319622652086496,0.0310069414954939,0.0275059489025696,-0.0905145945314588,-0.0927636327011309,-0.0788874446671918,-0.0972407198100058,-0.00877141964086842,-0.0864119313466796,-0.0797356471313974,-0.0853423668269954,-0.0902106272456529,-0.091360319841895,-0.0802346210934714,-0.0934826143856769,-0.0606476998239757,-0.0802785882262604,-0.0802545560229281,-0.0801187475513971,-0.0766396290185021,-0.0758276682515999,0,0,0,0,0,0,0,0,0,0,0,0,0,0,0,0,0,0,0,0,0,0,0,0,0,0,0,0,0,0,0,0,0,0,0,0,0,0,-0,-0,-0,-0,-0,-0,0,0,0,0,0,0,0,0,0,0,0,0,0,0,0,0,0,0,0,0,0,0,0
0.076609697735812,0.129743431527794,-0.103638433112112,-0.0916403243274546,-0.10399184679343,-0.0919499286651839,0.0535011276252953,0.0529324122941248,-0.121585036434684,0.00895100729021517,0.0492045462104133,0.0145552852670584,0.0418491109589127,0.0405982782093393,0.0360143281503812,-0.118513355834458,-0.121458086043629,-0.103289594889194,-0.127320064660255,-0.0114846714218037,-0.113141621205324,-0.104400170713794,-0.111741209689752,-0.118115362745154,-0.119620688250548,-0.105053491639833,-0.122399469393575,-0.0794077735970212,-0.105111059068381,-0.105079593014981,-0.104901775086335,-0.100346465361824,-0.099283341831419,0,0,0,0,0,0,0,0,0,0,0,0,0,0,0,0,0,0,0,0,0,0,0,0,0,0,0,0,0,0,0,0,0,0,0,0,0,0,0,0,0,0,0,0,-0,-0,-0,-0,-0,-0,-0,-0,-0,-0,-0,-0,-0,-0,-0,-0,-0,-0,-0,-0,-0,-0,-0
-0.0791538699159088,-0.103638433112112,0.13098011029093,0.092172686711821,0.104595962371587,0.0924840896213543,-0.0538119295356762,-0.0532399103898155,0.12229135540916,-0.00900300601041255,-0.0494903881662825,-0.0146398406898679,-0.0420922232859064,-0.0408341241248499,-0.0362235447124809,0.119201830620578,0.122163667530396,0.103889630904114,0.12805969989941,0.0115513888533127,0.113798890193382,0.105006658351385,0.112390343324524,0.118801525486314,0.120315595817539,0.105663774587933,0.123110519620097,0.0798690739252292,0.105721676440587,0.105690027592731,0.105511176673672,0.100929403974873,0.0998601044844666,0,0,0,0,0,0,0,0,0,0,0,0,0,0,0,0,0,0,0,0,0,0,0,0,0,0,0,0,0,0,0,0,0,0,0,0,0,0,0,0,0,0,0,0,0,0,0,0,0,0,0,0,0,0,0,0,0,0,0,0,0,0,0,0,0,0,0
-0.069990312406791,-0.0916403243274546,0.092172686711821,0.107565117404153,0.0923539353196691,0.0816596495440746,-0.0475137218213924,-0.047008652428649,0.107978239996386,-0.00794928423541225,-0.0436979784307214,-0.0129263775532658,-0.0371657029455627,-0.0360548531009658,-0.0319839009993597,0.10525031660409,0.107865496848093,0.0917302736678981,0.113071451071414,0.0101994015335049,0.100479742296674,0.0927165629880252,0.0992360533102956,0.10489686362522,0.106233725491289,0.0932967696138996,0.108701528322606,0.0705211092291281,0.0933478945697166,0.0933199499379972,0.0931620319281983,0.0891165149705646,0.0881723674744737,0,0,0,0,0,0,0,0,0,0,0,0,0,0,0,0,0,0,0,0,0,0,0,0,0,0,0,0,0,0,0,0,0,0,0,0,0,0,-0,-0,-0,-0,-0,-0,0,0,0,0,0,0,0,0,0,0,0,0,0,0,0,0,0,0,0,0,0,0,0
-0.0794237896717129,-0.10399184679343,0.104595962371587,0.0923539353196691,0.131515192536976,0.0928201204842519,-0.0540074493184852,-0.0534333518033832,0.122735687724603,-0.00903571745181546,-0.0496702060993858,-0.0146930329559089,-0.0422451607929949,-0.0409824904657147,-0.0363551590154035,0.119634937484325,0.122607535905844,0.104267102558555,0.12852499086606,0.0115933595661124,0.114212366061772,0.105388188603348,0.112798701391337,0.119233177884971,0.120752749425777,0.106047692400145,0.123557828279447,0.0801592695030827,0.106105804632871,0.106074040792375,0.105894540037988,0.101296119967302,0.100222935293705,0,0,0,0,0,0,0,0,0,0,0,0,0,0,0,0,0,0,0,0,0,0,0,0,0,0,0,0,0,0,0,0,0,0,0,0,0,0,-0,-0,-0,-0,-0,-0,0,0,0,0,0,0,0,0,0,0,0,0,0,0,0,0,0,0,0,0,0,0,0
-0.0702267727694011,-0.0919499286651839,0.0924840896213543,0.0816596495440746,0.0928201204842519,0.1081334156556,-0.0476716196679546,-0.0471648718259881,0.108337073843061,-0.00797570133797477,-0.0438431957790754,-0.0129693345581324,-0.0372892122021757,-0.036174670775619,-0.0320901900648942,0.105600085001612,0.108223956026154,0.0920351121886769,0.113447210703525,0.010233296237532,0.100813657096938,0.0930246791505833,0.0995658350768752,0.105245457425971,0.106586761958321,0.0936068139221233,0.109062765804794,0.0707554653447428,0.0936581087766584,0.093630071279194,0.0934716284754468,0.0894126674348964,0.0884653823429542,0,0,0,0,0,0,0,0,0,0,0,0,0,0,0,0,0,0,0,0,0,0,0,0,0,0,0,0,0,0,0,0,0,0,0,0,0,0,0,0,0,0,0,0,0,0,0,0,0,0,0,0,0,0,0,0,0,0,0,0,0,0,0,0,0,0,0
0.040861494806912,0.0535011276252953,-0.0538119295356762,-0.0475137218213924,-0.0540074493184852,-0.0476716196679546,0.058252479883731,0.028828503759091,-0.0662186839403794,0.00487497425735612,0.0267982014027483,0.00792722413073568,0.0227922212554734,0.0221109820097972,0.0196144318663452,-0.0645457589423974,-0.0661495431310506,-0.056254463862185,-0.06934214413412,-0.00625488011798288,-0.0616201588188221,-0.0568593151800566,-0.0608574547044388,-0.0643290005372191,-0.0651488438073463,-0.0572151324186055,-0.0666622473942131,-0.0432477417980224,-0.0572464852846165,-0.0572293479731015,-0.0571325032497599,-0.0546515514505645,-0.0540725440075942,0,0,0,0,0,0,0,0,0,0,0,0,0,0,0,0,0,0,0,0,0,0,0,0,0,0,0,0,0,0,0,0,0,0,0,0,0,0,0,0,0,0,0,0,0,0,0,0,0,0,0,0,0,0,0,0,0,0,0,0,0,0,0,0,0,0,0
0.0404271383814926,0.0529324122941248,-0.0532399103898155,-0.047008652428649,-0.0534333518033832,-0.0471648718259881,0.028828503759091,0.0574127229789661,-0.0655205809669552,0.00482358039354133,0.0265156844004696,0.00784365226842489,0.0225519368450536,0.0218778794869463,0.0194076489405436,-0.0638652925912361,-0.0654521690667757,-0.0556614075500732,-0.0686111124354649,-0.00618893875296409,-0.0609705352755179,-0.0562598822914507,-0.0602158718828526,-0.0636508193369876,-0.0644620195023207,-0.0566119483670733,-0.0659594682033288,-0.0427918073797203,-0.0566429706990464,-0.0566260140556965,-0.0565301903068791,-0.0540753936609558,-0.0535024903383563,0,0,0,0,0,0,0,0,0,0,0,0,0,0,0,0,0,0,0,0,0,0,0,0,0,0,0,0,0,0,0,0,0,0,0,0,0,0,-0,-0,-0,-0,-0,-0,0,0,0,0,0,0,0,0,0,0,0,0,0,0,0,0,0,0,0,0,0,0,0
-0.0928605910826655,-0.121585036434684,0.12229135540916,0.107978239996386,0.122735687724603,0.108337073843061,-0.0662186839403794,-0.0655205809669552,0.170568966931615,-0.0106190912909115,-0.0583741640683762,-0.0172677664093866,-0.049647991036939,-0.0481640566900301,-0.0427258548686254,0.140599164316862,0.144092665987056,0.122538347022534,0.151047066096122,0.0136249217903747,0.134226368656235,0.123855886566915,0.132564980474262,0.140127002378942,0.141912856020443,0.124630958503619,0.145209482833329,0.0942059781312644,0.124699254032749,0.124661924056045,0.12445096848912,0.119046744332602,0.117785500155622,0,0,0,0,0,0,0,0,0,0,0,0,0,0,0,0,0,0,0,0,0,0,0,0,0,0,0,0,0,0,0,0,0,0,0,0,0,0,-0,-0,-0,-0,-0,-0,0,0,0,0,0,0,0,0,0,0,0,0,0,0,0,0,0,0,0,0,0,0,0
0.00683633325389634,0.00895100729021517,-0.00900300601041255,-0.00794928423541225,-0.00903571745181546,-0.00797570133797477,0.00487497425735612,0.00482358039354133,-0.0106190912909115,0.0288302104798785,0.00517133048314813,0.00152974056646267,0.00439828430220688,0.00426682349166453,0.0037850566124061,-0.0124555915436369,-0.0127650786595268,-0.0108555950980291,-0.0133811645915479,-0.00120702325265922,-0.0118910295839303,-0.0109723150976617,-0.0117438482497409,-0.0124137630145005,-0.0125719706654729,-0.0110409782330895,-0.012864016761569,-0.00834564835625484,-0.0110470284910639,-0.0110437214519046,-0.0110250330309012,-0.0105462762116064,-0.0104345433831676,0,0,0,0,0,0,0,0,0,0,0,0,0,0,0,0,0,0,0,0,0,0,0,0,0,0,0,0,0,0,0,0,0,0,0,0,0,0,0,0,0,0,0,0,-0,-0,-0,-0,-0,-0,-0,-0,-0,-0,-0,-0,-0,-0,-0,-0,-0,-0,-0,-0,-0,-0,-0
0.0375799800620028,0.0492045462104133,-0.0494903881662825,-0.0436979784307214,-0.0496702060993858,-0.0438431957790754,0.0267982014027483,0.0265156844004696,-0.0583741640683762,0.00517133048314813,0.054214611413793,0.00734093843327787,0.0211065424964274,0.020475686691373,0.0181637776805487,-0.0597720506839462,-0.061257221381154,-0.0520939674467146,-0.0642137023660531,-0.00579227849451317,-0.0570628235909104,-0.0526540848614054,-0.0563565279375824,-0.0595713234077815,-0.0603305322899431,-0.0529835863866063,-0.061732006800146,-0.0400492031866036,-0.0530126204413142,-0.0529967505798509,-0.0529070683480994,-0.0506096040512077,-0.0500734191368977,0,0,0,0,0,0,0,0,0,0,0,0,0,0,0,0,0,0,0,0,0,0,0,0,0,0,0,0,0,0,0,0,0,0,0,0,0,0,0,0,0,0,0,0,0,0,0,0,0,0,0,0,0,0,0,0,0,0,0,0,0,0,0,0,0,0,0
0.0111166014577949,0.0145552852670584,-0.0146398406898679,-0.0129263775532658,-0.0146930329559089,-0.0129693345581324,0.00792722413073568,0.00784365226842489,-0.0172677664093866,0.00152974056646267,0.00734093843327787,0.0315407828663414,0.00673730811754039,0.00653593596304802,0.00579796368036467,-0.0190795210699786,-0.0195535945756665,-0.0166286406128831,-0.0204973172788182,-0.00184892267062422,-0.0182147229776686,-0.0168074327388512,-0.0179892700670673,-0.0190154479747597,-0.0192577910380806,-0.0169126111829688,-0.0197051483253158,-0.0127838949356959,-0.0169218789904509,-0.0169168132556685,-0.0168881862634417,-0.0161548248017136,-0.0159836720429756,0,0,0,0,0,0,0,0,0,0,0,0,0,0,0,0,0,0,0,0,0,0,0,0,0,0,0,0,0,0,0,0,0,0,0,0,0,0,-0,-0,-0,-0,-0,-0,0,0,0,0,0,0,0,0,0,0,0,0,0,0,0,0,0,0,0,0,0,0,0
0.0319622652086496,0.0418491109589127,-0.0420922232859064,-0.0371657029455627,-0.0422451607929949,-0.0372892122021757,0.0227922212554734,0.0225519368450536,-0.049647991036939,0.00439828430220688,0.0211065424964274,0.00673730811754039,0.0465997988692023,0.0175084902341224,0.015531607263196,-0.0511102939524009,-0.0523802438710537,-0.0445448660181823,-0.0549082918545815,-0.00495290111550835,-0.0487936695179968,-0.0450238150484587,-0.0481897253995362,-0.0509386547000807,-0.0515878442241901,-0.0453055674664882,-0.0527862266347588,-0.0342455466058907,-0.045330394104587,-0.0453168239948937,-0.045240137898722,-0.0432756064125902,-0.0428171217484428,0,0,0,0,0,0,0,0,0,0,0,0,0,0,0,0,0,0,0,0,0,0,0,0,0,0,0,0,0,0,0,0,0,0,0,0,0,0,-0,-0,-0,-0,-0,-0,0,0,0,0,0,0,0,0,0,0,0,0,0,0,0,0,0,0,0,0,0,0,0
0.0310069414954939,0.0405982782093393,-0.0408341241248499,-0.0360548531009658,-0.0409824904657147,-0.036174670775619,0.0221109820097972,0.0218778794869463,-0.0481640566900301,0.00426682349166453,0.020475686691373,0.00653593596304802,0.0175084902341224,0.0455651091200736,0.0150846842231511,-0.0496395918181198,-0.0508729988427416,-0.0432630845127733,-0.0533283020760944,-0.00481038105392847,-0.0473896284070935,-0.0437282517526006,-0.0468030628211225,-0.0494728914967896,-0.0501034005488291,-0.0440018967259161,-0.0512672994252091,-0.0332601287069091,-0.0440260089758395,-0.0440128293469622,-0.043938349898348,-0.0420303479374074,-0.0415850562002021,0,0,0,0,0,0,0,0,0,0,0,0,0,0,0,0,0,0,0,0,0,0,0,0,0,0,0,0,0,0,0,0,0,0,0,0,0,0,0,0,0,0,0,0,-0,-0,-0,-0,-0,-0,-0,-0,-0,-0,-0,-0,-0,-0,-0,-0,-0,-0,-0,-0,-0,-0,-0
0.0275059489025696,0.0360143281503812,-0.0362235447124809,-0.0319839009993597,-0.0363551590154035,-0.0320901900648942,0.0196144318663452,0.0194076489405436,-0.0427258548686254,0.0037850566124061,0.0181637776805487,0.00579796368036467,0.015531607263196,0.0150846842231511,0.0421220252578662,-0.0442504985805253,-0.0453500014932852,-0.0385662530593736,-0.0475387461679056,-0.00428814484975171,-0.0422448011305815,-0.0389809196900161,-0.0417219156942045,-0.0441018959820305,-0.0446639541877972,-0.0392248565569354,-0.0457014950637543,-0.0296492622970347,-0.0392463510745559,-0.0392346022843752,-0.0391682086535158,-0.0374673478089385,-0.0370703989086066,0,0,0,0,0,0,0,0,0,0,0,0,0,0,0,0,0,0,0,0,0,0,0,0,0,0,0,0,0,0,0,0,0,0,0,0,0,0,0,0,0,0,0,0,0,0,0,0,0,0,0,0,0,0,0,0,0,0,0,0,0,0,0,0,0,0,0
-0.0905145945314588,-0.118513355834458,0.119201830620578,0.10525031660409,0.119634937484325,0.105600085001612,-0.0645457589423974,-0.0638652925912361,0.140599164316862,-0.0124555915436369,-0.0597720506839462,-0.0190795210699786,-0.0511102939524009,-0.0496395918181198,-0.0442504985805253,0.164403557199911,0.141391121239882,0.120240916924628,0.148215135649191,0.0133694727316644,0.131709803786735,0.121533754364908,0.130079564410882,0.1374998085199,0.139252179794402,0.122294294739545,0.142486999264154,0.0924397420523523,0.122361309818857,0.122324679729283,0.122117679297061,0.116814777114722,0.115577179579005,-0,-0,-0,-0,-0,-0,-0,-0,-0,-0,-0,-0,-0,-0,-0,-0,-0,-0,-0,-0,-0,-0,-0,-0,-0,-0,-0,-0,-0,-0,-0,-0,-0,0,0,0,0,0,-0,-0,-0,-0,-0,-0,0,0,0,0,0,0,0,0,0,0,0,0,0,0,0,0,0,0,0,0,0,0,0
-0.0927636327011309,-0.121458086043629,0.122163667530396,0.107865496848093,0.122607535905844,0.108223956026154,-0.0661495431310506,-0.0654521690667757,0.144092665987056,-0.0127650786595268,-0.061257221381154,-0.0195535945756665,-0.0523802438710537,-0.0508729988427416,-0.0453500014932852,0.141391121239882,0.171807455845504,0.12324087660518,0.151913040175933,0.0137030353838054,0.134995907311223,0.124565969789126,0.133324994157073,0.140930370197187,0.142726462388854,0.125345485322283,0.146041989227041,0.0947460742571505,0.12541417239929,0.125376628404578,0.125164463399709,0.119729256065815,0.118460780998531,-0,-0,-0,-0,-0,-0,-0,-0,-0,-0,-0,-0,-0,-0,-0,-0,-0,-0,-0,-0,-0,-0,-0,-0,-0,-0,-0,-0,-0,-0,-0,-0,-0,0,0,0,0,0,-0,-0,-0,-0,-0,-0,0,0,0,0,0,0,0,0,0,0,0,0,0,0,0,0,0,0,0,0,0,0,0
-0.0788874446671918,-0.103289594889194,0.103889630904114,0.0917302736678981,0.104267102558555,0.0920351121886769,-0.056254463862185,-0.0556614075500732,0.122538347022534,-0.0108555950980291,-0.0520939674467146,-0.0166286406128831,-0.0445448660181823,-0.0432630845127733,-0.0385662530593736,0.120240916924628,0.12324087660518,0.131133237605452,0.12890039744598,0.0116272224237184,0.114545967125961,0.105696015269438,0.113128173305113,0.119581444157711,0.121105454190605,0.106357445400274,0.123918726354009,0.0803934054249005,0.106415727372087,0.1063838707531,0.106203845697845,0.101591994175889,0.100515674854429,-0,-0,-0,-0,-0,-0,-0,-0,-0,-0,-0,-0,-0,-0,-0,-0,-0,-0,-0,-0,-0,-0,-0,-0,-0,-0,-0,-0,-0,-0,-0,-0,-0,0,0,0,0,0,0,0,0,0,0,0,0,0,0,0,0,0,0,0,0,0,0,0,0,0,0,0,0,0,0,0,0,0,0
-0.0972407198100058,-0.127320064660255,0.12805969989941,0.113071451071414,0.12852499086606,0.113447210703525,-0.06934214413412,-0.0686111124354649,0.151047066096122,-0.0133811645915479,-0.0642137023660531,-0.0204973172788182,-0.0549082918545815,-0.0533283020760944,-0.0475387461679056,0.148215135649191,0.151913040175933,0.12890039744598,0.186317866446149,0.0143758901439189,0.141624558284244,0.130682483639759,0.139871598938282,0.147850418768601,0.149734703769155,0.131500275417732,0.153213031618422,0.0993983534989697,0.131572335209282,0.131532947706556,0.13131036484685,0.12560827466369,0.124277514163785,-0,-0,-0,-0,-0,-0,-0,-0,-0,-0,-0,-0,-0,-0,-0,-0,-0,-0,-0,-0,-0,-0,-0,-0,-0,-0,-0,-0,-0,-0,-0,-0,-0,0,0,0,0,0,0,0,0,0,0,0,0,0,0,0,0,0,0,0,0,0,0,0,0,0,0,0,0,0,0,0,0,0,0
-0.00877141964086842,-0.0114846714218037,0.0115513888533127,0.0101994015335049,0.0115933595661124,0.010233296237532,-0.00625488011798288,-0.00618893875296409,0.0136249217903747,-0.00120702325265922,-0.00579227849451317,-0.00184892267062422,-0.00495290111550835,-0.00481038105392847,-0.00428814484975171,0.0133694727316644,0.0137030353838054,0.0116272224237184,0.0143758901439189,0.0292413727653546,0.0106961275359183,0.00986973254254404,0.0105637361134359,0.0111663326936132,0.011308642423819,0.0099314958783736,0.0115713414834894,0.00750701346408757,0.00993693815992397,0.0099339634374776,0.00991715297265734,0.00948650531832908,0.00938600026327939,-0,-0,-0,-0,-0,-0,-0,-0,-0,-0,-0,-0,-0,-0,-0,-0,-0,-0,-0,-0,-0,-0,-0,-0,-0,-0,-0,-0,-0,-0,-0,-0,-0,0,0,0,0,0,-0,-0,-0,-0,-0,-0,0,0,0,0,0,0,0,0,0,0,0,0,0,0,0,0,0,0,0,0,0,0,0
-0.0864119313466796,-0.113141621205324,0.113798890193382,0.100479742296674,0.114212366061772,0.100813657096938,-0.0616201588188221,-0.0609705352755179,0.134226368656235,-0.0118910295839303,-0.0570628235909104,-0.0182147229776686,-0.0487936695179968,-0.0473896284070935,-0.0422448011305815,0.131709803786735,0.134995907311223,0.114545967125961,0.141624558284244,0.0106961275359183,0.152851049751943,0.116049857437494,0.124210059866076,0.131295484614969,0.132968784659439,0.116776080391054,0.136057641251277,0.0882686373246093,0.11684007158791,0.116805094336569,0.116607434264481,0.111543811853725,0.11036205771196,-0,-0,-0,-0,-0,-0,-0,-0,-0,-0,-0,-0,-0,-0,-0,-0,-0,-0,-0,-0,-0,-0,-0,-0,-0,-0,-0,-0,-0,-0,-0,-0,-0,0,0,0,0,0,-0,-0,-0,-0,-0,-0,0,0,0,0,0,0,0,0,0,0,0,0,0,0,0,0,0,0,0,0,0,0,0
-0.0797356471313974,-0.104400170713794,0.105006658351385,0.0927165629880252,0.105388188603348,0.0930246791505833,-0.0568593151800566,-0.0562598822914507,0.123855886566915,-0.0109723150976617,-0.0526540848614054,-0.0168074327388512,-0.0450238150484587,-0.0437282517526006,-0.0389809196900161,0.121533754364908,0.124565969789126,0.105696015269438,0.130682483639759,0.00986973254254404,0.116049857437494,0.13418559359452,0.114412102646372,0.120938613820568,0.122479920351235,0.107564531494049,0.125325121278006,0.0813058169759148,0.107623474927384,0.107591256757011,0.107409188537406,0.102744995575528,0.101656460747382,-0,-0,-0,-0,-0,-0,-0,-0,-0,-0,-0,-0,-0,-0,-0,-0,-0,-0,-0,-0,-0,-0,-0,-0,-0,-0,-0,-0,-0,-0,-0,-0,-0,0,0,0,0,0,0,0,0,0,0,0,0,0,0,0,0,0,0,0,0,0,0,0,0,0,0,0,0,0,0,0,0,0,0
-0.0853423668269954,-0.111741209689752,0.112390343324524,0.0992360533102956,0.112798701391337,0.0995658350768752,-0.0608574547044388,-0.0602158718828526,0.132564980474262,-0.0117438482497409,-0.0563565279375824,-0.0179892700670673,-0.0481897253995362,-0.0468030628211225,-0.0417219156942045,0.130079564410882,0.133324994157073,0.113128173305113,0.139871598938282,0.0105637361134359,0.124210059866076,0.114412102646372,0.149780220137346,0.129652851016543,0.131305216457806,0.115315098593352,0.134355428463858,0.0871643112331074,0.115378289198397,0.115343749546325,0.115148562393062,0.110148290799938,0.108981321546351,-0,-0,-0,-0,-0,-0,-0,-0,-0,-0,-0,-0,-0,-0,-0,-0,-0,-0,-0,-0,-0,-0,-0,-0,-0,-0,-0,-0,-0,-0,-0,-0,-0,0,0,0,0,0,0,0,0,0,0,0,0,0,0,0,0,0,0,0,0,0,0,0,0,0,0,0,0,0,0,0,0,0,0
-0.0902106272456529,-0.118115362745154,0.118801525486314,0.10489686362522,0.119233177884971,0.105245457425971,-0.0643290005372191,-0.0636508193369876,0.140127002378942,-0.0124137630145005,-0.0595713234077815,-0.0190154479747597,-0.0509386547000807,-0.0494728914967896,-0.0441018959820305,0.1374998085199,0.140930370197187,0.119581444157711,0.147850418768601,0.0111663326936132,0.131295484614969,0.120938613820568,0.129652851016543,0.163346396111146,0.139097067174189,0.12215807146087,0.142328283387428,0.092336773677834,0.12222501189227,0.122188422604852,0.121981652749842,0.116684657455665,0.11544843847644,-0,-0,-0,-0,-0,-0,-0,-0,-0,-0,-0,-0,-0,-0,-0,-0,-0,-0,-0,-0,-0,-0,-0,-0,-0,-0,-0,-0,-0,-0,-0,-0,-0,0,0,0,0,0,-0,-0,-0,-0,-0,-0,0,0,0,0,0,0,0,0,0,0,0,0,0,0,0,0,0,0,0,0,0,0,0
-0.091360319841895,-0.119620688250548,0.120315595817539,0.106233725491289,0.120752749425777,0.106586761958321,-0.0651488438073463,-0.0644620195023207,0.141912856020443,-0.0125719706654729,-0.0603305322899431,-0.0192577910380806,-0.0515878442241901,-0.0501034005488291,-0.0446639541877972,0.139252179794402,0.142726462388854,0.121105454190605,0.149734703769155,0.011308642423819,0.132968784659439,0.122479920351235,0.131305216457806,0.139097067174189,0.16730892716772,0.123701105997164,0.144126097106422,0.0935031217467825,0.123768891983804,0.123731840520343,0.123522458860616,0.118158554793406,0.116906720566195,-0,-0,-0,-0,-0,-0,-0,-0,-0,-0,-0,-0,-0,-0,-0,-0,-0,-0,-0,-0,-0,-0,-0,-0,-0,-0,-0,-0,-0,-0,-0,-0,-0,0,0,0,0,0,-0,-0,-0,-0,-0,-0,0,0,0,0,0,0,0,0,0,0,0,0,0,0,0,0,0,0,0,0,0,0,0
-0.0802346210934714,-0.105053491639833,0.105663774587933,0.0932967696138996,0.106047692400145,0.0936068139221233,-0.0572151324186055,-0.0566119483670733,0.124630958503619,-0.0110409782330895,-0.0529835863866063,-0.0169126111829688,-0.0453055674664882,-0.0440018967259161,-0.0392248565569354,0.122294294739545,0.125345485322283,0.106357445400274,0.131500275417732,0.0099314958783736,0.116776080391054,0.107564531494049,0.115315098593352,0.12215807146087,0.123701105997164,0.134469612802333,0.126130642908049,0.0818284064899285,0.108315220014644,0.108282794763417,0.108099556308448,0.103405384454236,0.102309853117008,-0,-0,-0,-0,-0,-0,-0,-0,-0,-0,-0,-0,-0,-0,-0,-0,-0,-0,-0,-0,-0,-0,-0,-0,-0,-0,-0,-0,-0,-0,-0,-0,-0,0,0,0,0,0,0,0,0,0,0,0,0,0,0,0,0,0,0,0,0,0,0,0,0,0,0,0,0,0,0,0,0,0,0
-0.0934826143856769,-0.122399469393575,0.123110519620097,0.108701528322606,0.123557828279447,0.109062765804794,-0.0666622473942131,-0.0659594682033288,0.145209482833329,-0.012864016761569,-0.061732006800146,-0.0197051483253158,-0.0527862266347588,-0.0512672994252091,-0.0457014950637543,0.142486999264154,0.146041989227041,0.123918726354009,0.153213031618422,0.0115713414834894,0.136057641251277,0.125325121278006,0.134355428463858,0.142328283387428,0.144126097106422,0.126130642908049,0.174201041483693,0.0957803167563869,0.126783186029869,0.126745232207149,0.126530751221733,0.121036213488548,0.119753891823038,-0,-0,-0,-0,-0,-0,-0,-0,-0,-0,-0,-0,-0,-0,-0,-0,-0,-0,-0,-0,-0,-0,-0,-0,-0,-0,-0,-0,-0,-0,-0,-0,-0,0,0,0,0,0,0,0,0,0,0,0,0,0,0,0,0,0,0,0,0,0,0,0,0,0,0,0,0,0,0,0,0,0,0
-0.0606476998239757,-0.0794077735970212,0.0798690739252292,0.0705211092291281,0.0801592695030827,0.0707554653447428,-0.0432477417980224,-0.0427918073797203,0.0942059781312644,-0.00834564835625484,-0.0400492031866036,-0.0127838949356959,-0.0342455466058907,-0.0332601287069091,-0.0296492622970347,0.0924397420523523,0.0947460742571505,0.0803934054249005,0.0993983534989697,0.00750701346408757,0.0882686373246093,0.0813058169759148,0.0871643112331074,0.092336773677834,0.0935031217467825,0.0818284064899285,0.0957803167563869,0.0889770264460109,0.0802904275680311,0.0802663918204728,0.0801305633201527,0.0766509316931153,0.0758388511796999,-0,-0,-0,-0,-0,-0,-0,-0,-0,-0,-0,-0,-0,-0,-0,-0,-0,-0,-0,-0,-0,-0,-0,-0,-0,-0,-0,-0,-0,-0,-0,-0,-0,0,0,0,0,0,-0,-0,-0,-0,-0,-0,0,0,0,0,0,0,0,0,0,0,0,0,0,0,0,0,0,0,0,0,0,0,0
-0.0802785882262604,-0.105111059068381,0.105721676440587,0.0933478945697166,0.106105804632871,0.0936581087766584,-0.0572464852846165,-0.0566429706990464,0.124699254032749,-0.0110470284910639,-0.0530126204413142,-0.0169218789904509,-0.045330394104587,-0.0440260089758395,-0.0392463510745559,0.122361309818857,0.12541417239929,0.106415727372087,0.131572335209282,0.00993693815992397,0.11684007158791,0.107623474927384,0.115378289198397,0.12222501189227,0.123768891983804,0.108315220014644,0.126783186029869,0.0802904275680311,0.135082057967712,0.108475527464295,0.108291962862938,0.103589435845546,0.102491954570528,-0,-0,-0,-0,-0,-0,-0,-0,-0,-0,-0,-0,-0,-0,-0,-0,-0,-0,-0,-0,-0,-0,-0,-0,-0,-0,-0,-0,-0,-0,-0,-0,-0,0,0,0,0,0,-0,-0,-0,-0,-0,-0,0,0,0,0,0,0,0,0,0,0,0,0,0,0,0,0,0,0,0,0,0,0,0
-0.0802545560229281,-0.105079593014981,0.105690027592731,0.0933199499379972,0.106074040792375,0.093630071279194,-0.0572293479731015,-0.0566260140556965,0.124661924056045,-0.0110437214519046,-0.0529967505798509,-0.0169168132556685,-0.0453168239948937,-0.0440128293469622,-0.0392346022843752,0.122324679729283,0.125376628404578,0.1063838707531,0.131532947706556,0.0099339634374776,0.116805094336569,0.107591256757011,0.115343749546325,0.122188422604852,0.123731840520343,0.108282794763417,0.126745232207149,0.0802663918204728,0.108475527464295,0.134928572180408,0.108287299970236,0.103584975436744,0.102487541417656,-0,-0,-0,-0,-0,-0,-0,-0,-0,-0,-0,-0,-0,-0,-0,-0,-0,-0,-0,-0,-0,-0,-0,-0,-0,-0,-0,-0,-0,-0,-0,-0,-0,0,0,0,0,0,0,0,0,0,0,0,0,0,0,0,0,0,0,0,0,0,0,0,0,0,0,0,0,0,0,0,0,0,0
-0.0801187475513971,-0.104901775086335,0.105511176673672,0.0931620319281983,0.105894540037988,0.0934716284754468,-0.0571325032497599,-0.0565301903068791,0.12445096848912,-0.0110250330309012,-0.0529070683480994,-0.0168881862634417,-0.045240137898722,-0.043938349898348,-0.0391682086535158,0.122117679297061,0.125164463399709,0.106203845697845,0.13131036484685,0.00991715297265734,0.116607434264481,0.107409188537406,0.115148562393062,0.121981652749842,0.123522458860616,0.108099556308448,0.126530751221733,0.0801305633201527,0.108291962862938,0.108287299970236,0.134605023494533,0.103365439140263,0.10227033100482,-0,-0,-0,-0,-0,-0,-0,-0,-0,-0,-0,-0,-0,-0,-0,-0,-0,-0,-0,-0,-0,-0,-0,-0,-0,-0,-0,-0,-0,-0,-0,-0,-0,0,0,0,0,0,0,0,0,0,0,0,0,0,0,0,0,0,0,0,0,0,0,0,0,0,0,0,0,0,0,0,0,0,0
-0.0766396290185021,-0.100346465361824,0.100929403974873,0.0891165149705646,0.101296119967302,0.0894126674348964,-0.0546515514505645,-0.0540753936609558,0.119046744332602,-0.0105462762116064,-0.0506096040512077,-0.0161548248017136,-0.0432756064125902,-0.0420303479374074,-0.0374673478089385,0.116814777114722,0.119729256065815,0.101591994175889,0.12560827466369,0.00948650531832908,0.111543811853725,0.102744995575528,0.110148290799938,0.116684657455665,0.118158554793406,0.103405384454236,0.121036213488548,0.0766509316931153,0.103589435845546,0.103584975436744,0.103365439140263,0.126483414809619,0.095617144938492,-0,-0,-0,-0,-0,-0,-0,-0,-0,-0,-0,-0,-0,-0,-0,-0,-0,-0,-0,-0,-0,-0,-0,-0,-0,-0,-0,-0,-0,-0,-0,-0,-0,0,0,0,0,0,-0,-0,-0,-0,-0,-0,0,0,0,0,0,0,0,0,0,0,0,0,0,0,0,0,0,0,0,0,0,0,0
-0.0758276682515999,-0.099283341831419,0.0998601044844666,0.0881723674744737,0.100222935293705,0.0884653823429542,-0.0540725440075942,-0.0535024903383563,0.117785500155622,-0.0104345433831676,-0.0500734191368977,-0.0159836720429756,-0.0428171217484428,-0.0415850562002021,-0.0370703989086066,0.115577179579005,0.118460780998531,0.100515674854429,0.124277514163785,0.00938600026327939,0.11036205771196,0.101656460747382,0.108981321546351,0.11544843847644,0.116906720566195,0.102309853117008,0.119753891823038,0.0758388511796999,0.102491954570528,0.102487541417656,0.10227033100482,0.095617144938492,0.124130364003763,-0,-0,-0,-0,-0,-0,-0,-0,-0,-0,-0,-0,-0,-0,-0,-0,-0,-0,-0,-0,-0,-0,-0,-0,-0,-0,-0,-0,-0,-0,-0,-0,-0,0,0,0,0,0,-0,-0,-0,-0,-0,-0,0,0,0,0,0,0,0,0,0,0,0,0,0,0,0,0,0,0,0,0,0,0,0
0,0,0,0,0,0,0,0,0,0,0,0,0,0,0,-0,-0,-0,-0,-0,-0,-0,-0,-0,-0,-0,-0,-0,-0,-0,-0,-0,-0,0.0298366392234153,-0.00314396422071239,0.00175649773950621,-0.00315516535402099,0.00264096937835984,0.00242971146196692,0.00139889001334808,-0.00535567388983117,-0.00554920246571144,0.000778147157149556,-0.00456776504720935,0.00111012876293137,-0.00520833098626609,0.000582908353138259,-0.000476170756566903,-0.00525321082691012,-0.000160086813532329,-0.0046651102416538,-0.00497298261479071,-0.00129339944961286,-0.00145522957782976,-0.00418066280054678,-0.00191540994546624,-0.00418762700709356,-0.00194580069613971,-0.00445629088560817,-0.00416039773059187,-0.00440679329625698,-0.00337161504762741,-0.00331179490952471,-0.00386723584324904,-0.00366610802258449,-0.00364359230132807,0,0,0,0,0,0,0,0,0,0,0,-0,-0,-0,-0,-0,-0,-0,-0,-0,-0,-0,-0,-0,-0,-0,-0,-0,-0,-0,-0,-0,-0,-0
0,0,0,0,0,0,0,0,0,0,0,0,0,0,0,-0,-0,-0,-0,-0,-0,-0,-0,-0,-0,-0,-0,-0,-0,-0,-0,-0,-0,-0.00314396422071239,0.0298626344153826,-0.00192675150587465,0.00346098913788098,-0.00289695318831105,-0.00266521847019384,-0.00153448158750785,0.00587478850676273,0.0060870754153197,-0.000853571384186054,0.00501050925671352,-0.00121773129425951,0.00571316395414373,-0.000639408478551068,0.000522325023046528,0.00576239390679292,0.000175603703953985,0.00511728992358658,0.00545500374195193,0.00141876603720515,0.00159628203180327,0.00458588597374008,0.00210106674992468,0.00459352520671455,0.00213440321447444,0.00488823013052941,0.00456365665162136,0.00483393484014868,0.00369841886165592,0.00363280047879173,0.00424207917662748,0.00402145644388907,0.0039967583193991,-0,-0,-0,-0,-0,0,0,0,0,0,0,0,0,0,0,0,0,0,0,0,0,0,0,0,0,0,0,0,0,0,0,0,0,0
0,0,0,0,0,0,0,0,0,0,0,0,0,0,0,-0,-0,-0,-0,-0,-0,-0,-0,-0,-0,-0,-0,-0,-0,-0,-0,-0,-0,0.00175649773950621,-0.00192675150587465,0.031378601260976,-0.00379728222660065,0.00317844073327628,0.0029241891042372,0.00168358218623508,-0.00644562265093566,-0.00667853678983901,0.000936510147006445,-0.00549736418947138,0.0013360542943796,-0.00626829356477211,0.000701537726473858,-0.000573077651361172,-0.00632230703224159,-0.000192666546292016,-0.00561452038739863,-0.00598504876211099,-0.00155662293123586,-0.00175138757925134,-0.00503148163936806,-0.00230522059115025,-0.00503986315183262,-0.00234179625183263,-0.00536320359721149,-0.00500709236612045,-0.00530363260957265,-0.00405778222652533,-0.00398578791823316,-0.00465426825092632,-0.00441220832284328,-0.00438511036170563,0,0,0,0,0,-0,-0,-0,-0,-0,-0,0,0,0,0,0,0,0,0,0,0,0,0,0,0,0,0,0,0,0,0,0,0,0
0,0,0,0,0,0,0,0,0,0,0,0,0,0,0,-0,-0,-0,-0,-0,-0,-0,-0,-0,-0,-0,-0,-0,-0,-0,-0,-0,-0,-0.00315516535402099,0.00346098913788098,-0.00379728222660065,0.0303968181983999,-0.00295957404190696,-0.00272283012104707,-0.00156765110754865,0.00600177857083186,0.00621865429617563,-0.000872022275591011,0.00511881696699051,-0.00124405390568611,0.00583666032439417,-0.000653230001413394,0.000533615657265145,0.00588695443702696,0.000179399572620614,0.00522790581631337,0.00557291969312029,0.0014494342373891,0.00163078743693535,0.00468501498118411,0.00214648363614609,0.0046928193446452,0.00218054070532087,0.00499389464198306,0.00466230514763306,0.00493842569873021,0.00377836428397292,0.00371132748704422,0.00433377641914203,0.0041083846815393,0.00408315267971779,-0,-0,-0,-0,-0,0,0,0,0,0,0,0,0,0,0,0,0,0,0,0,0,0,0,0,0,0,0,0,0,0,0,0,0,0
0,0,0,0,0,0,0,0,0,0,0,0,0,0,0,-0,-0,-0,-0,-0,-0,-0,-0,-0,-0,-0,-0,-0,-0,-0,-0,-0,-0,0.00264096937835984,-0.00289695318831105,0.00317844073327628,-0.00295957404190696,0.0330485509086894,0.00398037999317452,0.00229167697849801,-0.00877372376709864,-0.00909076440488605,0.00127476921624115,-0.00748296285054175,0.00181862512771065,-0.00853234500477765,0.000954926863952631,-0.000780068161360751,-0.00860586765246345,-0.000262255975546704,-0.00764243481684869,-0.00814679471870028,-0.00211886117878965,-0.00238397307159274,-0.00684880770000332,-0.0031378456022467,-0.00686021653962937,-0.00318763206366477,-0.00730034465511454,-0.00681560923990983,-0.00721925716079767,-0.00552341678850959,-0.00542541878149515,-0.00633534821739482,-0.0060058584133685,-0.00596897291160262,0,0,0,0,0,0,0,0,0,0,0,-0,-0,-0,-0,-0,-0,-0,-0,-0,-0,-0,-0,-0,-0,-0,-0,-0,-0,-0,-0,-0,-0,-0
0,0,0,0,0,0,0,0,0,0,0,0,0,0,0,-0,-0,-0,-0,-0,-0,-0,-0,-0,-0,-0,-0,-0,-0,-0,-0,-0,-0,0.00242971146196692,-0.00266521847019384,0.0029241891042372,-0.00272283012104707,0.00398037999317452,0.0325205094141305,0.00215190048281705,-0.00823858710789913,-0.00853629045262379,0.00119701708296933,-0.00702655370807827,0.00170770153346337,-0.00801193078588958,0.000896682909011654,-0.000732489381711464,-0.00808096905896975,-0.000246260169166812,-0.00717629898392278,-0.00764989640907967,-0.00198962525540931,-0.00223856715057004,-0.0064310776495288,-0.00294645865444159,-0.0064417906285961,-0.0029932084849668,-0.00685507396350775,-0.00639990406661364,-0.00677893224728504,-0.00518652644570513,-0.00509450564146958,-0.00594893565530394,-0.00563954245764996,-0.00560490671718405,0,0,0,0,0,0,0,0,0,0,0,0,0,0,0,0,0,0,0,0,0,0,0,0,0,0,0,0,0,0,0,0,0,0
0,0,0,0,0,0,0,0,0,0,0,0,0,0,0,-0,-0,-0,-0,-0,-0,-0,-0,-0,-0,-0,-0,-0,-0,-0,-0,-0,-0,0.00139889001334808,-0.00153448158750785,0.00168358218623508,-0.00156765110754865,0.00229167697849801,0.00215190048281705,0.0298796400722116,-0.00555535764487571,-0.00575610184170959,0.000807160003994447,-0.00473807199560659,0.00115151938613306,-0.0054025211311939,0.000604641813986664,-0.000493924556867219,-0.00544907429536172,-0.000166055574274082,-0.00483904665935072,-0.00515839790756611,-0.00134162323324569,-0.00150948712086363,-0.00433653682569481,-0.00198682509475054,-0.0043437606893721,-0.00201834895011597,-0.00462244157288182,-0.00431551618224008,-0.00457109848944144,-0.00349732411190655,-0.00343527360839152,-0.00401142389328865,-0.00380279711744117,-0.00377944190822105,0,0,0,0,0,-0,-0,-0,-0,-0,-0,0,0,0,0,0,0,0,0,0,0,0,0,0,0,0,0,0,0,0,0,0,0,0
0,0,0,0,0,0,0,0,0,0,0,0,0,0,0,-0,-0,-0,-0,-0,-0,-0,-0,-0,-0,-0,-0,-0,-0,-0,-0,-0,-0,-0.00535567388983117,0.00587478850676273,-0.00644562265093566,0.00600177857083186,-0.00877372376709864,-0.00823858710789913,-0.00555535764487571,0.0378650199464863,0.0126618825875361,-0.00177553585412197,0.0104224895509919,-0.00253303427657179,0.0118840997120966,-0.0013300500697778,0.00108650175381471,0.011986504206489,0.000365277794292782,0.0106446067705622,0.011347093995473,0.00295121183106485,0.00332046743045405,0.00953921970691993,0.00437048314354179,0.00955511027248418,0.00443982718336596,0.0101681335864259,0.00949297992057536,0.0100551925523578,0.00769317647485672,0.00755668198403453,0.00882405831974861,0.00836513528241535,0.00831376007657557,-0,-0,-0,-0,-0,0,0,0,0,0,0,0,0,0,0,0,0,0,0,0,0,0,0,0,0,0,0,0,0,0,0,0,0,0
0,0,0,0,0,0,0,0,0,0,0,0,0,0,0,-0,-0,-0,-0,-0,-0,-0,-0,-0,-0,-0,-0,-0,-0,-0,-0,-0,-0,-0.00554920246571144,0.0060870754153197,-0.00667853678983901,0.00621865429617563,-0.00909076440488605,-0.00853629045262379,-0.00575610184170959,0.0126618825875361,0.0397037325653907,-0.00183954902476067,0.0107982502547585,-0.00262435744247883,0.0123125556630096,-0.00137800219751268,0.00112567326477278,0.0124186521337473,0.000378447108628119,0.0110283754384852,0.0117561893468844,0.00305761149970254,0.00344017982473348,0.00988313599418698,0.00452805162214594,0.00989959946031116,0.00459989571390865,0.0105347240266212,0.00983522913064613,0.0104177111436691,0.00797053759786383,0.00782912208834638,0.0091421909835507,0.00866672245172312,0.00861349502205447,-0,-0,-0,-0,-0,0,0,0,0,0,0,-0,-0,-0,-0,-0,-0,-0,-0,-0,-0,-0,-0,-0,-0,-0,-0,-0,-0,-0,-0,-0,-0,-0
0,0,0,0,0,0,0,0,0,0,0,0,0,0,0,-0,-0,-0,-0,-0,-0,-0,-0,-0,-0,-0,-0,-0,-0,-0,-0,-0,-0,0.000778147157149556,-0.000853571384186054,0.000936510147006445,-0.000872022275591011,0.00127476921624115,0.00119701708296933,0.000807160003994447,-0.00177553585412197,-0.00183954902476067,0.0297977138639347,-0.0037015312021642,0.000899603244024321,-0.00422061981244873,0.000472365245331877,-0.000385869433907805,-0.00425698861180139,-0.000129727849226174,-0.00378041579252575,-0.00402990305460523,-0.00104811836207051,-0.00117925892268474,-0.00338783926975521,-0.00155217039510613,-0.00339348277977922,-0.00157679782465043,-0.00361119707089055,-0.00337141728045041,-0.00357108623560857,-0.00273221984307268,-0.00268374403369624,-0.00313385079835917,-0.00297086498448331,-0.00295261915880959,0,0,0,0,0,0,0,0,0,0,0,0,0,0,0,0,0,0,0,0,0,0,0,0,0,0,0,0,0,0,0,0,0,0
0,0,0,0,0,0,0,0,0,0,0,0,0,0,0,-0,-0,-0,-0,-0,-0,-0,-0,-0,-0,-0,-0,-0,-0,-0,-0,-0,-0,-0.00456776504720935,0.00501050925671352,-0.00549736418947138,0.00511881696699051,-0.00748296285054175,-0.00702655370807827,-0.00473807199560659,0.0104224895509919,0.0107982502547585,-0.0037015312021642,0.0355906522406423,-0.00211520325818969,0.00992378455521684,-0.00111065462760219,0.000907280280789577,0.0100092971446813,0.000305024210599362,0.00888874940678408,0.00947535941862289,0.00246440126705463,0.00277274713278444,0.00796569900032005,0.00364955984630187,0.00797896837309043,0.00370746539472999,0.00849087179381741,0.00792708659477992,0.00839656069607437,0.00642416571143624,0.0063101863648548,0.00736850546438278,0.00698528305290424,0.00694238232953561,-0,-0,-0,-0,-0,0,0,0,0,0,0,0,0,0,0,0,0,0,0,0,0,0,0,0,0,0,0,0,0,0,0,0,0,0
0,0,0,0,0,0,0,0,0,0,0,0,0,0,0,-0,-0,-0,-0,-0,-0,-0,-0,-0,-0,-0,-0,-0,-0,-0,-0,-0,-0,0.00111012876293137,-0.00121773129425951,0.0013360542943796,-0.00124405390568611,0.00181862512771065,0.00170770153346337,0.00115151938613306,-0.00253303427657179,-0.00262435744247883,0.000899603244024321,-0.00211520325818969,0.0304656607070694,-0.00529045370685379,0.000592099401084182,-0.000483678812045077,-0.00533604119350245,-0.000162610993484057,-0.00473866769141964,-0.00505139446358427,-0.00131379321527194,-0.00147817501127594,-0.00424658169163608,-0.00194561130482247,-0.00425365570679331,-0.00197648124376808,-0.00452655576167333,-0.00422599709078308,-0.00447627771564402,-0.00342477722207748,-0.00336401386579224,-0.00392821275301905,-0.00372391363547218,-0.00370104289601694,0,0,0,0,0,-0,-0,-0,-0,-0,-0,0,0,0,0,0,0,0,0,0,0,0,0,0,0,0,0,0,0,0,0,0,0,0
0,0,0,0,0,0,0,0,0,0,0,0,0,0,0,-0,-0,-0,-0,-0,-0,-0,-0,-0,-0,-0,-0,-0,-0,-0,-0,-0,-0,-0.00520833098626609,0.00571316395414373,-0.00626829356477211,0.00583666032439417,-0.00853234500477765,-0.00801193078588958,-0.0054025211311939,0.0118840997120966,0.0123125556630096,-0.00422061981244873,0.00992378455521684,-0.00529045370685379,0.0380361066923569,-0.00133174799868238,0.00108788877132224,0.0120018060604714,0.000365744104350744,0.0106581955714084,0.0113615795846366,0.00295497931921087,0.00332470630668509,0.00955139738145681,0.00437606245955779,0.00956730823276157,0.00444549502330467,0.0101811141262675,0.00950509856585344,0.0100680289127804,0.00770299750866702,0.00756632877031344,0.00883532302625646,0.00837581413226429,0.00832437334133944,-0,-0,-0,-0,-0,0,0,0,0,0,0,-0,-0,-0,-0,-0,-0,-0,-0,-0,-0,-0,-0,-0,-0,-0,-0,-0,-0,-0,-0,-0,-0,-0
0,0,0,0,0,0,0,0,0,0,0,0,0,0,0,-0,-0,-0,-0,-0,-0,-0,-0,-0,-0,-0,-0,-0,-0,-0,-0,-0,-0,0.000582908353138259,-0.000639408478551068,0.000701537726473858,-0.000653230001413394,0.000954926863952631,0.000896682909011654,0.000604641813986664,-0.0013300500697778,-0.00137800219751268,0.000472365245331877,-0.00111065462760219,0.000592099401084182,-0.00133174799868238,0.0298956604134293,-0.000375175276836549,-0.00413900853650983,-0.000126132513928192,-0.00367564366825952,-0.00391821652942122,-0.00101907034372987,-0.00114657641653452,-0.00329394718580335,-0.00150915285459116,-0.00329943428908111,-0.00153309774860229,-0.00351111474952018,-0.0032779803228123,-0.00347211556376281,-0.00265649788743832,-0.00260936555819809,-0.00304699786384158,-0.00288852911128443,-0.00287078895853658,0,0,0,0,0,0,0,0,0,0,0,0,0,0,0,0,0,0,0,0,0,0,0,0,0,0,0,0,0,0,0,0,0,0
0,0,0,0,0,0,0,0,0,0,0,0,0,0,0,-0,-0,-0,-0,-0,-0,-0,-0,-0,-0,-0,-0,-0,-0,-0,-0,-0,-0,-0.000476170756566903,0.000522325023046528,-0.000573077651361172,0.000533615657265145,-0.000780068161360751,-0.000732489381711464,-0.000493924556867219,0.00108650175381471,0.00112567326477278,-0.000385869433907805,0.000907280280789577,-0.000483678812045077,0.00108788877132224,-0.000375175276836549,0.0289501994557999,-0.00116291326875691,-3.54387222869677e-05,-0.00103272432403478,-0.00110087861663819,-0.00028632229531941,-0.000322146938492689,-0.000925481272910174,-0.000424017941423798,-0.000927022952554579,-0.000430745599682749,-0.000986497586155779,-0.000920995155843992,-0.00097554021069064,-0.000746380833592511,-0.000733138335883845,-0.00085609735145008,-0.000811573303382407,-0.000806588955358414,0,0,0,0,0,-0,-0,-0,-0,-0,-0,0,0,0,0,0,0,0,0,0,0,0,0,0,0,0,0,0,0,0,0,0,0,0
0,0,0,0,0,0,0,0,0,0,0,0,0,0,0,-0,-0,-0,-0,-0,-0,-0,-0,-0,-0,-0,-0,-0,-0,-0,-0,-0,-0,-0.00525321082691012,0.00576239390679292,-0.00632230703224159,0.00588695443702696,-0.00860586765246345,-0.00808096905896975,-0.00544907429536172,0.011986504206489,0.0124186521337473,-0.00425698861180139,0.0100092971446813,-0.00533604119350245,0.0120018060604714,-0.00413900853650983,-0.00116291326875691,0.0384851694996981,0.000383385938979313,0.0111722985233712,0.0119096105870975,0.00309751410202822,0.00348507504032529,0.0100121134150742,0.0045871438394555,0.0100287917335894,0.00465992551476123,0.0106722048359018,0.00996358135486437,0.0105536649052736,0.00807455512661801,0.00793129410898434,0.00926149888491015,0.00877982536865412,0.00872590330758475,-0,-0,-0,-0,-0,0,0,0,0,0,0,0,0,0,0,0,0,0,0,0,0,0,0,0,0,0,0,0,0,0,0,0,0,0
0,0,0,0,0,0,0,0,0,0,0,0,0,0,0,-0,-0,-0,-0,-0,-0,-0,-0,-0,-0,-0,-0,-0,-0,-0,-0,-0,-0,-0.000160086813532329,0.000175603703953985,-0.000192666546292016,0.000179399572620614,-0.000262255975546704,-0.000246260169166812,-0.000166055574274082,0.000365277794292782,0.000378447108628119,-0.000129727849226174,0.000305024210599362,-0.000162610993484057,0.000365744104350744,-0.000126132513928192,-3.54387222869677e-05,0.000383385938979313,0.0286805116107118,-0.00200296538239457,-0.00213515040560857,-0.000555321136905086,-0.000624802912866722,-0.00179496784238724,-0.000822381383318198,-0.00179795792491616,-0.000835429654075114,-0.00191330877844151,-0.0017862670332983,-0.00189205698526904,-0.00144760313761937,-0.00142191935747632,-0.00166039795810642,-0.00157404371536408,-0.00156437658899403,0,0,0,0,0,0,0,0,0,0,0,-0,-0,-0,-0,-0,-0,-0,-0,-0,-0,-0,-0,-0,-0,-0,-0,-0,-0,-0,-0,-0,-0,-0
0,0,0,0,0,0,0,0,0,0,0,0,0,0,0,-0,-0,-0,-0,-0,-0,-0,-0,-0,-0,-0,-0,-0,-0,-0,-0,-0,-0,-0.0046651102416538,0.00511728992358658,-0.00561452038739863,0.00522790581631337,-0.00764243481684869,-0.00717629898392278,-0.00483904665935072,0.0106446067705622,0.0110283754384852,-0.00378041579252575,0.00888874940678408,-0.00473866769141964,0.0106581955714084,-0.00367564366825952,-0.00103272432403478,0.0111722985233712,-0.00200296538239457,0.0360036643072532,0.0105044924842857,0.0027320636024804,0.00307389937735913,0.0088308655729183,0.0040459440410336,0.00884557615226199,0.00411013879833918,0.00941307817494391,0.00878805941582421,0.00930852380674977,0.00712190403046426,0.00699554521528566,0.00816880994708233,0.00774396517198343,0.00769640493639906,-0,-0,-0,-0,-0,0,0,0,0,0,0,0,0,0,0,0,0,0,0,0,0,0,0,0,0,0,0,0,0,0,0,0,0,0
0,0,0,0,0,0,0,0,0,0,0,0,0,0,0,-0,-0,-0,-0,-0,-0,-0,-0,-0,-0,-0,-0,-0,-0,-0,-0,-0,-0,-0.00497298261479071,0.00545500374195193,-0.00598504876211099,0.00557291969312029,-0.00814679471870028,-0.00764989640907967,-0.00515839790756611,0.011347093995473,0.0117561893468844,-0.00402990305460523,0.00947535941862289,-0.00505139446358427,0.0113615795846366,-0.00391821652942122,-0.00110087861663819,0.0119096105870975,-0.00213515040560857,0.0105044924842857,0.0371599673763714,0.00296631529784276,0.00333746064286771,0.00958803873319725,0.00439285003915637,0.00960401062217806,0.00446254896214775,0.0102201712159174,0.00954156230471485,0.0101066521816062,0.0077325479744155,0.00759535494342557,0.00886921735248081,0.00840794567694577,0.00835630754734483,-0,-0,-0,-0,-0,0,0,0,0,0,0,0,0,0,0,0,0,0,0,0,0,0,0,0,0,0,0,0,0,0,0,0,0,0
0,0,0,0,0,0,0,0,0,0,0,0,0,0,0,-0,-0,-0,-0,-0,-0,-0,-0,-0,-0,-0,-0,-0,-0,-0,-0,-0,-0,-0.00129339944961286,0.00141876603720515,-0.00155662293123586,0.0014494342373891,-0.00211886117878965,-0.00198962525540931,-0.00134162323324569,0.00295121183106485,0.00305761149970254,-0.00104811836207051,0.00246440126705463,-0.00131379321527194,0.00295497931921087,-0.00101907034372987,-0.00028632229531941,0.00309751410202822,-0.000555321136905086,0.0027320636024804,0.00296631529784276,0.0295113676166768,0.000148338943580913,0.000426156197447548,0.000195247466216684,0.000426866094399732,0.000198345349820904,0.00045425236837627,0.000424090475918449,0.000449206827640967,0.000343685849948459,0.000337588079379329,0.000394206995449699,0.000373705014939789,0.000371409873089992,-0,-0,-0,-0,-0,0,0,0,0,0,0,0,0,0,0,0,0,0,0,0,0,0,0,0,0,0,0,0,0,0,0,0,0,0
0,0,0,0,0,0,0,0,0,0,0,0,0,0,0,-0,-0,-0,-0,-0,-0,-0,-0,-0,-0,-0,-0,-0,-0,-0,-0,-0,-0,-0.00145522957782976,0.00159628203180327,-0.00175138757925134,0.00163078743693535,-0.00238397307159274,-0.00223856715057004,-0.00150948712086363,0.00332046743045405,0.00344017982473348,-0.00117925892268474,0.00277274713278444,-0.00147817501127594,0.00332470630668509,-0.00114657641653452,-0.000322146938492689,0.00348507504032529,-0.000624802912866722,0.00307389937735913,0.00333746064286771,0.000148338943580913,0.0286283317844051,0.000924958761305108,0.000423778547822182,0.000926499570542376,0.000430502407755205,0.000985940625737212,0.000920475177027323,0.000974989436627226,0.000745959439169126,0.000732724417958295,0.000855614012873393,0.000811115102355772,0.000806133568413233,-0,-0,-0,-0,-0,0,0,0,0,0,0,-0,-0,-0,-0,-0,-0,-0,-0,-0,-0,-0,-0,-0,-0,-0,-0,-0,-0,-0,-0,-0,-0,-0
0,0,0,0,0,0,0,0,0,0,0,0,0,0,0,-0,-0,-0,-0,-0,-0,-0,-0,-0,-0,-0,-0,-0,-0,-0,-0,-0,-0,-0.00418066280054678,0.00458588597374008,-0.00503148163936806,0.00468501498118411,-0.00684880770000332,-0.0064310776495288,-0.00433653682569481,0.00953921970691993,0.00988313599418698,-0.00338783926975521,0.00796569900032005,-0.00424658169163608,0.00955139738145681,-0.00329394718580335,-0.000925481272910174,0.0100121134150742,-0.00179496784238724,0.0088308655729183,0.00958803873319725,0.000426156197447548,0.000924958761305108,0.0341607877201648,0.00366832988268938,0.00802000497284626,0.00372653324490787,0.00853454116197233,0.00796785636157294,0.00843974501320644,0.0064572058119528,0.00634264025865799,0.00740640239483813,0.00702120903373529,0.00697808766783096,-0,-0,-0,-0,-0,0,0,0,0,0,0,0,0,0,0,0,0,0,0,0,0,0,0,0,0,0,0,0,0,0,0,0,0,0
0,0,0,0,0,0,0,0,0,0,0,0,0,0,0,-0,-0,-0,-0,-0,-0,-0,-0,-0,-0,-0,-0,-0,-0,-0,-0,-0,-0,-0.00191540994546624,0.00210106674992468,-0.00230522059115025,0.00214648363614609,-0.0031378456022467,-0.00294645865444159,-0.00198682509475054,0.00437048314354179,0.00452805162214594,-0.00155217039510613,0.00364955984630187,-0.00194561130482247,0.00437606245955779,-0.00150915285459116,-0.000424017941423798,0.0045871438394555,-0.000822381383318198,0.0040459440410336,0.00439285003915637,0.000195247466216684,0.000423778547822182,0.00366832988268938,0.0299243797085689,0.0018348994162777,0.000852594692767902,0.00195262031000255,0.00182296831938823,0.00193093186983015,0.00147734611328206,0.00145113462493786,0.00169451309282458,0.00160638458469589,0.00159651883406421,-0,-0,-0,-0,-0,0,0,0,0,0,0,0,0,0,0,0,0,0,0,0,0,0,0,0,0,0,0,0,0,0,0,0,0,0
0,0,0,0,0,0,0,0,0,0,0,0,0,0,0,-0,-0,-0,-0,-0,-0,-0,-0,-0,-0,-0,-0,-0,-0,-0,-0,-0,-0,-0.00418762700709356,0.00459352520671455,-0.00503986315183262,0.0046928193446452,-0.00686021653962937,-0.0064417906285961,-0.0043437606893721,0.00955511027248418,0.00989959946031116,-0.00339348277977922,0.00797896837309043,-0.00425365570679331,0.00956730823276157,-0.00329943428908111,-0.000927022952554579,0.0100287917335894,-0.00179795792491616,0.00884557615226199,0.00960401062217806,0.000426866094399732,0.000926499570542376,0.00802000497284626,0.0018348994162777,0.0343522726058283,0.0038345852860461,0.00878200295343481,0.00819888694329139,0.00868445815956285,0.0066444345905997,0.00652654717189699,0.00762115343653269,0.00722479126888373,0.007180419584977,-0,-0,-0,-0,-0,0,0,0,0,0,0,0,0,0,0,0,0,0,0,0,0,0,0,0,0,0,0,0,0,0,0,0,0,0
0,0,0,0,0,0,0,0,0,0,0,0,0,0,0,-0,-0,-0,-0,-0,-0,-0,-0,-0,-0,-0,-0,-0,-0,-0,-0,-0,-0,-0.00194580069613971,0.00213440321447444,-0.00234179625183263,0.00218054070532087,-0.00318763206366477,-0.0029932084849668,-0.00201834895011597,0.00443982718336596,0.00459989571390865,-0.00157679782465043,0.00370746539472999,-0.00197648124376808,0.00444549502330467,-0.00153309774860229,-0.000430745599682749,0.00465992551476123,-0.000835429654075114,0.00411013879833918,0.00446254896214775,0.000198345349820904,0.000430502407755205,0.00372653324490787,0.000852594692767902,0.0038345852860461,0.0298284492508826,0.00178356637986711,0.00166513939723357,0.00176375568112292,0.00134944046498921,0.00132549831446588,0.00154780556523178,0.00146730704567783,0.00145829545184739,-0,-0,-0,-0,-0,0,0,0,0,0,0,-0,-0,-0,-0,-0,-0,-0,-0,-0,-0,-0,-0,-0,-0,-0,-0,-0,-0,-0,-0,-0,-0,-0
0,0,0,0,0,0,0,0,0,0,0,0,0,0,0,-0,-0,-0,-0,-0,-0,-0,-0,-0,-0,-0,-0,-0,-0,-0,-0,-0,-0,-0.00445629088560817,0.00488823013052941,-0.00536320359721149,0.00499389464198306,-0.00730034465511454,-0.00685507396350775,-0.00462244157288182,0.0101681335864259,0.0105347240266212,-0.00361119707089055,0.00849087179381741,-0.00452655576167333,0.0101811141262675,-0.00351111474952018,-0.000986497586155779,0.0106722048359018,-0.00191330877844151,0.00941307817494391,0.0102201712159174,0.00045425236837627,0.000985940625737212,0.00853454116197233,0.00195262031000255,0.00878200295343481,0.00178356637986711,0.0366238691799459,0.00916455818404798,0.00970732035344952,0.00742702123188525,0.0072952489418975,0.00851877877835725,0.0080757327682709,0.00802613495314063,-0,-0,-0,-0,-0,0,0,0,0,0,0,0,0,0,0,0,0,0,0,0,0,0,0,0,0,0,0,0,0,0,0,0,0,0
0,0,0,0,0,0,0,0,0,0,0,0,0,0,0,-0,-0,-0,-0,-0,-0,-0,-0,-0,-0,-0,-0,-0,-0,-0,-0,-0,-0,-0.00416039773059187,0.00456365665162136,-0.00500709236612045,0.00466230514763306,-0.00681560923990983,-0.00639990406661364,-0.00431551618224008,0.00949297992057536,0.00983522913064613,-0.00337141728045041,0.00792708659477992,-0.00422599709078308,0.00950509856585344,-0.0032779803228123,-0.000920995155843992,0.00996358135486437,-0.0017862670332983,0.00878805941582421,0.00954156230471485,0.000424090475918449,0.000920475177027323,0.00796785636157294,0.00182296831938823,0.00819888694329139,0.00166513939723357,0.00916455818404798,0.035264854397188,0.00873002739090373,0.00667929937679882,0.00656079337729851,0.00766114327788523,0.00726270131216706,0.00721809680043253,-0,-0,-0,-0,-0,0,0,0,0,0,0,0,0,0,0,0,0,0,0,0,0,0,0,0,0,0,0,0,0,0,0,0,0,0
0,0,0,0,0,0,0,0,0,0,0,0,0,0,0,-0,-0,-0,-0,-0,-0,-0,-0,-0,-0,-0,-0,-0,-0,-0,-0,-0,-0,-0.00440679329625698,0.00483393484014868,-0.00530363260957265,0.00493842569873021,-0.00721925716079767,-0.00677893224728504,-0.00457109848944144,0.0100551925523578,0.0104177111436691,-0.00357108623560857,0.00839656069607437,-0.00447627771564402,0.0100680289127804,-0.00347211556376281,-0.00097554021069064,0.0105536649052736,-0.00189205698526904,0.00930852380674977,0.0101066521816062,0.000449206827640967,0.000974989436627226,0.00843974501320644,0.00193093186983015,0.00868445815956285,0.00176375568112292,0.00970732035344952,0.00873002739090373,0.0358373587458759,0.00745866676430604,0.0073263330104225,0.00855507614194343,0.00811014237276251,0.0080603332280537,-0,-0,-0,-0,-0,0,0,0,0,0,0,0,0,0,0,0,0,0,0,0,0,0,0,0,0,0,0,0,0,0,0,0,0,0
0,0,0,0,0,0,0,0,0,0,0,0,0,0,0,-0,-0,-0,-0,-0,-0,-0,-0,-0,-0,-0,-0,-0,-0,-0,-0,-0,-0,-0.00337161504762741,0.00369841886165592,-0.00405778222652533,0.00377836428397292,-0.00552341678850959,-0.00518652644570513,-0.00349732411190655,0.00769317647485672,0.00797053759786383,-0.00273221984307268,0.00642416571143624,-0.00342477722207748,0.00770299750866702,-0.00265649788743832,-0.000746380833592511,0.00807455512661801,-0.00144760313761937,0.00712190403046426,0.0077325479744155,0.000343685849948459,0.000745959439169126,0.0064572058119528,0.00147734611328206,0.0066444345905997,0.00134944046498921,0.00742702123188525,0.00667929937679882,0.00745866676430604,0.0332659197876234,0.00386837690016628,0.00451716552872733,0.00428223606096292,0.00425593633577509,-0,-0,-0,-0,-0,0,0,0,0,0,0,-0,-0,-0,-0,-0,-0,-0,-0,-0,-0,-0,-0,-0,-0,-0,-0,-0,-0,-0,-0,-0,-0,-0
0,0,0,0,0,0,0,0,0,0,0,0,0,0,0,-0,-0,-0,-0,-0,-0,-0,-0,-0,-0,-0,-0,-0,-0,-0,-0,-0,-0,-0.00331179490952471,0.00363280047879173,-0.00398578791823316,0.00371132748704422,-0.00542541878149515,-0.00509450564146958,-0.00343527360839152,0.00755668198403453,0.00782912208834638,-0.00268374403369624,0.0063101863648548,-0.00336401386579224,0.00756632877031344,-0.00260936555819809,-0.000733138335883845,0.00793129410898434,-0.00142191935747632,0.00699554521528566,0.00759535494342557,0.000337588079379329,0.000732724417958295,0.00634264025865799,0.00145113462493786,0.00652654717189699,0.00132549831446588,0.0072952489418975,0.00656079337729851,0.0073263330104225,0.00386837690016628,0.0326966186024221,0.00440603770326467,0.00417688778923229,0.00415123506961727,-0,-0,-0,-0,-0,0,0,0,0,0,0,0,0,0,0,0,0,0,0,0,0,0,0,0,0,0,0,0,0,0,0,0,0,0
0,0,0,0,0,0,0,0,0,0,0,0,0,0,0,-0,-0,-0,-0,-0,-0,-0,-0,-0,-0,-0,-0,-0,-0,-0,-0,-0,-0,-0.00386723584324904,0.00424207917662748,-0.00465426825092632,0.00433377641914203,-0.00633534821739482,-0.00594893565530394,-0.00401142389328865,0.00882405831974861,0.0091421909835507,-0.00313385079835917,0.00736850546438278,-0.00392821275301905,0.00883532302625646,-0.00304699786384158,-0.00085609735145008,0.00926149888491015,-0.00166039795810642,0.00816880994708233,0.00886921735248081,0.000394206995449699,0.000855614012873393,0.00740640239483813,0.00169451309282458,0.00762115343653269,0.00154780556523178,0.00851877877835725,0.00766114327788523,0.00855507614194343,0.00451716552872733,0.00440603770326467,0.0338598422209145,0.007414953268942,0.00736941368857382,-0,-0,-0,-0,-0,0,0,0,0,0,0,0,0,0,0,0,0,0,0,0,0,0,0,0,0,0,0,0,0,0,0,0,0,0
0,0,0,0,0,0,0,0,0,0,0,0,0,0,0,-0,-0,-0,-0,-0,-0,-0,-0,-0,-0,-0,-0,-0,-0,-0,-0,-0,-0,-0.00366610802258449,0.00402145644388907,-0.00441220832284328,0.0041083846815393,-0.0060058584133685,-0.00563954245764996,-0.00380279711744117,0.00836513528241535,0.00866672245172312,-0.00297086498448331,0.00698528305290424,-0.00372391363547218,0.00837581413226429,-0.00288852911128443,-0.000811573303382407,0.00877982536865412,-0.00157404371536408,0.00774396517198343,0.00840794567694577,0.000373705014939789,0.000811115102355772,0.00702120903373529,0.00160638458469589,0.00722479126888373,0.00146730704567783,0.0080757327682709,0.00726270131216706,0.00811014237276251,0.00428223606096292,0.00417688778923229,0.007414953268942,0.0341229573066442,0.00457640278666646,-0,-0,-0,-0,-0,0,0,0,0,0,0,0,0,0,0,0,0,0,0,0,0,0,0,0,0,0,0,0,0,0,0,0,0,0
0,0,0,0,0,0,0,0,0,0,0,0,0,0,0,-0,-0,-0,-0,-0,-0,-0,-0,-0,-0,-0,-0,-0,-0,-0,-0,-0,-0,-0.00364359230132807,0.0039967583193991,-0.00438511036170563,0.00408315267971779,-0.00596897291160262,-0.00560490671718405,-0.00377944190822105,0.00831376007657557,0.00861349502205447,-0.00295261915880959,0.00694238232953561,-0.00370104289601694,0.00832437334133944,-0.00287078895853658,-0.000806588955358414,0.00872590330758475,-0.00156437658899403,0.00769640493639906,0.00835630754734483,0.000371409873089992,0.000806133568413233,0.00697808766783096,0.00159651883406421,0.007180419584977,0.00145829545184739,0.00802613495314063,0.00721809680043253,0.0080603332280537,0.00425593633577509,0.00415123506961727,0.00736941368857382,0.00457640278666646,0.0338852818210079,-0,-0,-0,-0,-0,0,0,0,0,0,0,-0,-0,-0,-0,-0,-0,-0,-0,-0,-0,-0,-0,-0,-0,-0,-0,-0,-0,-0,-0,-0,-0,-0
0,0,0,0,0,0,0,0,0,0,0,0,0,0,0,0,0,0,0,0,0,0,0,0,0,0,0,0,0,0,0,0,0,0,-0,0,-0,0,0,0,-0,-0,0,-0,0,-0,0,0,-0,0,-0,-0,-0,-0,-0,-0,-0,-0,-0,-0,-0,-0,-0,-0,-0,-0,0.0327643833686855,0.00587285521194992,0.00528961853684779,0.00571430527303004,0.00672247214135234,-0.00246150837439944,-0.00207933296826272,-0.00233305517940932,-0.00149479122463544,-0.000509301339213817,-0.000452031942423991,0.00684302481007377,0.00557528360105404,0.00574427326148279,0.000257296357797045,0.00592239399119729,4.77100394778417e-05,0.0056325342139603,0.000581482551244854,0.00185687817343739,0.00559096666117557,0.0014068936830823,0.00651808867731986,0.00595708671729795,0.0026962267882591,0.00578166402993978,0.00593635448634161,0.00377817183642852,0.00556905450902719,0.00448074807801589,0.00408613849717392,0.00413308931425138,0.00421608181724928,0.00420598387059799
0,0,0,0,0,0,0,0,0,0,0,0,0,0,0,0,0,0,0,0,0,0,0,0,0,0,0,0,0,0,0,0,0,0,-0,0,-0,0,0,0,-0,-0,0,-0,0,-0,0,0,-0,0,-0,-0,-0,-0,-0,-0,-0,-0,-0,-0,-0,-0,-0,-0,-0,-0,0.00587285521194992,0.0322070281253244,0.00486044661623282,0.00525067649679167,0.00617704599009266,-0.00226179448779461,-0.00191062679080004,-0.00214376331171171,-0.00137351170016193,-0.000467979298238737,-0.000415356440106006,0.00628781764719481,0.005122934314547,0.00527821303974951,0.000236420680038097,0.00544188198713974,4.38390969641831e-05,0.00517553991282202,0.000534304105089726,0.00170622081194889,0.00513734493337875,0.00129274570438339,0.0059892451289813,0.00547375992729918,0.00247746907991587,0.00531257011725125,0.00545470980088708,0.00347163077828642,0.00511721061839516,0.00411720366644102,0.00375461063849851,0.00379775211238814,0.00387401103872826,0.00386473238653619
0,0,0,0,0,0,0,0,0,0,0,0,0,0,0,0,0,0,0,0,0,0,0,0,0,0,0,0,0,0,0,0,0,0,-0,0,-0,0,0,0,-0,-0,0,-0,0,-0,0,0,-0,0,-0,-0,-0,-0,-0,-0,-0,-0,-0,-0,-0,-0,-0,-0,-0,-0,0.00528961853684779,0.00486044661623282,0.0302842149457611,0.00462867335008208,0.0054453037002077,-0.0019938588628369,-0.00168429102686725,-0.0018898098399067,-0.00121080340913216,-0.00041254175675674,-0.000366152682664486,0.00554295317784862,0.00451606370159231,0.00465294787215942,0.000208413925666395,0.00479722834639623,3.86458506696741e-05,0.00456243756045593,0.000471009625822392,0.00150409929205292,0.00452876721653662,0.00113960507640658,0.00527975001555778,0.0048253299771407,0.00218398431380527,0.00468323495785518,0.0048085365577607,0.0030603761009839,0.00451101804321702,0.00362947344011011,0.00330983373532378,0.0033478646044124,0.00341508978201991,0.00340691029311932
0,0,0,0,0,0,0,0,0,0,0,0,0,0,0,0,0,0,0,0,0,0,0,0,0,0,0,0,0,0,0,0,0,0,-0,0,-0,0,0,0,-0,-0,0,-0,0,-0,0,0,-0,0,-0,-0,-0,-0,-0,-0,-0,-0,-0,-0,-0,-0,-0,-0,-0,-0,0.00571430527303004,0.00525067649679167,0.00462867335008208,0.031117903099844,0.00602301602892496,-0.0022053946944819,-0.00186298366642232,-0.00209030672741798,-0.00133926200310954,-0.000456309831433632,-0.000404999169584969,0.00613102549936552,0.0049951895357644,0.00514659625223467,0.000230525326786088,0.00530618397347711,4.27459313290478e-05,0.00504648336814477,0.000520980772109737,0.00166367472667941,0.00500924081340579,0.00126050997698792,0.00583989814401139,0.00533726700974677,0.002415691254919,0.00518009660642207,0.0053186919146419,0.00338506267521164,0.00498960856490511,0.00401453764746066,0.00366098618891933,0.00370305189300595,0.00377740923734689,0.0037683619563376
0,0,0,0,0,0,0,0,0,0,0,0,0,0,0,0,0,0,0,0,0,0,0,0,0,0,0,0,0,0,0,0,0,0,-0,0,-0,0,0,0,-0,-0,0,-0,0,-0,0,0,-0,0,-0,-0,-0,-0,-0,-0,-0,-0,-0,-0,-0,-0,-0,-0,-0,-0,0.00672247214135234,0.00617704599009266,0.0054453037002077,0.00602301602892496,0.0331454849827475,-0.0027218067562162,-0.0022992172524383,-0.00257976995568451,-0.00165286167484117,-0.000563158687753942,-0.000499833194845552,0.00756665764566334,0.00616485596026974,0.00635171585653066,0.000284504807005859,0.00654867240991934,5.27552573619882e-05,0.00622816068294565,0.000642972883237183,0.0020532384169383,0.00618219746495073,0.00155566918712011,0.00720736032591154,0.00658703380542561,0.00298134605792889,0.00639306060565473,0.0065641091926657,0.00417770410106604,0.00615796815727053,0.00495457603089485,0.0045182374693958,0.00457015321847891,0.00466192197203031,0.00465075619266298
-0,0,0,-0,-0,0,0,-0,-0,0,0,-0,-0,0,0,-0,-0,0,0,-0,-0,0,0,-0,-0,0,0,-0,-0,0,0,-0,-0,0,0,-0,0,0,0,-0,0,0,0,0,-0,0,0,-0,0,0,0,0,0,0,0,0,0,0,0,0,0,0,0,0,0,0,-0.00246150837439944,-0.00226179448779461,-0.0019938588628369,-0.0022053946944819,-0.0027218067562162,0.0316503048321135,0.00176813974150551,0.00198388985544987,0.0012710805868383,0.000433079238395527,0.000384380786545008,-0.00581889687869888,-0.00474088597432466,-0.00488458462147171,-0.000218789353369257,-0.0050360477809566,-4.05697491249078e-05,-0.00478956845348994,-0.000494457801391498,-0.00157897755852538,-0.00475422190574717,-0.00119633780212183,-0.00554259072737897,-0.00506554838941903,-0.00229270915682915,-0.0049163794829409,-0.0050479189466874,-0.00321273017654673,-0.00473558912897365,-0.0038101587717496,-0.00347460650911776,-0.00351453066115974,-0.00358510249599204,-0.00357651580927363
-0,0,0,-0,-0,0,0,-0,-0,0,0,-0,-0,0,0,-0,-0,0,0,-0,-0,0,0,-0,-0,0,0,-0,-0,0,0,-0,-0,0,0,-0,0,0,0,-0,0,0,0,0,-0,0,0,-0,0,0,0,0,0,0,0,0,0,0,0,0,0,0,0,0,0,0,-0.00207933296826272,-0.00191062679080004,-0.00168429102686725,-0.00186298366642232,-0.0022992172524383,0.00176813974150551,0.0306790895623529,0.00178278612363153,0.00114223318699258,0.000389178690804575,0.000345416722889397,-0.00522904463757884,-0.00426030996908786,-0.00438944211491472,-0.000196611027630149,-0.00452555169692063,-3.64572587436802e-05,-0.00430405758344327,-0.000444335407341566,-0.00141891913663035,-0.0042722940585374,-0.00107506695845017,-0.00498074719752994,-0.00455206187603216,-0.00206030090788034,-0.00441801398228646,-0.00453621950162666,-0.00288706087285324,-0.00425555005645215,-0.00342392908983741,-0.00312239122172953,-0.00315826832653082,-0.00322168640768721,-0.00321397013962549
-0,0,0,-0,-0,0,0,-0,-0,0,0,-0,-0,0,0,-0,-0,0,0,-0,-0,0,0,-0,-0,0,0,-0,-0,0,0,-0,-0,0,0,-0,0,0,0,-0,0,0,0,0,-0,0,0,-0,0,0,0,0,0,0,0,0,0,0,0,0,0,0,0,0,0,0,-0.00233305517940932,-0.00214376331171171,-0.0018898098399067,-0.00209030672741798,-0.00257976995568451,0.00198388985544987,0.00178278612363153,0.0317741004768864,0.00123620856206818,0.0004211977337253,0.00037383532117613,-0.00565925576845779,-0.00461082003291948,-0.00475057631572343,-0.000212786879703043,-0.00489788409190375,-3.9456720327953e-05,-0.00465816691099313,-0.000480892379280226,-0.00153565839756697,-0.00462379009380969,-0.00116351634146779,-0.00539053006093721,-0.00492657535282388,-0.00222980880941176,-0.00478149888694746,-0.00490942957286704,-0.00312458910393785,-0.00460566850622426,-0.00370562727906349,-0.00337928087397942,-0.00341810970914428,-0.00348674540963717,-0.00347839429818836
-0,0,0,-0,-0,0,0,-0,-0,0,0,-0,-0,0,0,-0,-0,0,0,-0,-0,0,0,-0,-0,0,0,-0,-0,0,0,-0,-0,0,0,-0,0,0,0,-0,0,0,0,0,-0,0,0,-0,0,0,0,0,0,0,0,0,0,0,0,0,0,0,0,0,0,0,-0.00149479122463544,-0.00137351170016193,-0.00121080340913216,-0.00133926200310954,-0.00165286167484117,0.0012710805868383,0.00114223318699258,0.00123620856206818,0.0294827962020347,0.000320705158436138,0.000284642832349632,-0.00430902726327956,-0.00351073534061881,-0.00361714750106106,-0.000162018559228057,-0.00372930946186019,-3.00428343529485e-05,-0.00354678583856372,-0.000366157399100299,-0.00116926927725755,-0.00352061090522817,-0.000885915717858122,-0.00410441618941643,-0.00375115534241074,-0.00169780397719585,-0.00364069232884525,-0.00373810033371225,-0.00237910074862786,-0.00350681290454498,-0.00282151039400511,-0.00257302620910252,-0.00260259096393465,-0.002654851034297,-0.00264849239486032
-0,0,0,-0,-0,0,0,-0,-0,0,0,-0,-0,0,0,-0,-0,0,0,-0,-0,0,0,-0,-0,0,0,-0,-0,0,0,-0,-0,0,0,-0,0,0,0,-0,0,0,0,0,-0,0,0,-0,0,0,0,0,0,0,0,0,0,0,0,0,0,0,0,0,0,0,-0.000509301339213817,-0.000467979298238737,-0.00041254175675674,-0.000456309831433632,-0.000563158687753942,0.000433079238395527,0.000389178690804575,0.0004211977337253,0.000320705158436138,0.0294724103476376,0.000189103478900476,-0.0028627176009908,-0.00233236952053089,-0.0024030648181108,-0.000107637606552604,-0.00247758001602509,-1.99590639443715e-05,-0.00235631979716777,-0.00024325797148465,-0.000776808206536014,-0.00233893038703268,-0.000588561260709365,-0.00272678350572592,-0.00249209340453254,-0.00112794211583883,-0.00241870690826059,-0.00248342026303243,-0.00158056405111807,-0.00232976363616274,-0.00187448047384816,-0.00170939912109127,-0.00172904057120419,-0.00176375973497701,-0.00175953535023271
-0,0,0,-0,-0,0,0,-0,-0,0,0,-0,-0,0,0,-0,-0,0,0,-0,-0,0,0,-0,-0,0,0,-0,-0,0,0,-0,-0,0,0,-0,0,0,0,-0,0,0,0,0,-0,0,0,-0,0,0,0,0,0,0,0,0,0,0,0,0,0,0,0,0,0,0,-0.000452031942423991,-0.000415356440106006,-0.000366152682664486,-0.000404999169584969,-0.000499833194845552,0.000384380786545008,0.000345416722889397,0.00037383532117613,0.000284642832349632,0.000189103478900476,0.0293371078419164,-0.00276699182427907,-0.00225437793524344,-0.00232270926850204,-0.000104038336583721,-0.00239473276929793,-1.9291657247374e-05,-0.00227752734391041,-0.000235123722317486,-0.000750832689809891,-0.00226071941439051,-0.000568880491707094,-0.00263560319897125,-0.00240876084783729,-0.00109022511047052,-0.00233782830628073,-0.00240037772558544,-0.00152771192159487,-0.00225185918846269,-0.00181180013848152,-0.00165223890433773,-0.00167122356837188,-0.00170478176575465,-0.00170069863927161
0,-0,0,0,0,0,0,0,0,-0,0,0,0,-0,0,0,0,0,0,0,0,0,0,0,0,0,0,0,0,0,0,0,0,-0,0,0,0,-0,0,0,0,-0,0,0,0,-0,0,0,0,-0,0,0,0,-0,0,0,0,-0,0,0,0,-0,0,0,0,-0,0.00684302481007377,0.00628781764719481,0.00554295317784862,0.00613102549936552,0.00756665764566334,-0.00581889687869888,-0.00522904463757884,-0.00565925576845779,-0.00430902726327956,-0.0028627176009908,-0.00276699182427907,0.0360022765368653,0.00714401088516614,0.00736054946149171,0.00032969228336083,0.00758878833201546,6.11342966117399e-05,0.00721737020301456,0.000745095312253185,0.00237935122815209,0.00716410671530468,0.00180275381584379,0.00835209467235853,0.00763324261105023,0.00345486882865618,0.00740846093577277,0.00760667691606067,0.0048412426446559,0.00713602910263654,0.00574150399039451,0.0052358624226018,0.00529602387308038,0.00540236812159396,0.00538942889805724
0,-0,0,0,0,0,0,0,0,-0,0,0,0,-0,0,0,0,0,0,0,0,0,0,0,0,0,0,0,0,0,0,0,0,-0,0,0,0,-0,0,0,0,-0,0,0,0,-0,0,0,0,-0,0,0,0,-0,0,0,0,-0,0,0,0,-0,0,0,0,-0,0.00557528360105404,0.005122934314547,0.00451606370159231,0.0049951895357644,0.00616485596026974,-0.00474088597432466,-0.00426030996908786,-0.00461082003291948,-0.00351073534061881,-0.00233236952053089,-0.00225437793524344,0.00714401088516614,0.0320819957353571,0.00571971865462699,0.000256196512677647,0.00589707798524157,4.75060970104266e-05,0.00560845724948979,0.000578996932126582,0.00184894071791388,0.00556706738235303,0.00140087974194416,0.00649022630071672,0.00593162241299162,0.00268470143322008,0.00575694959161746,0.00591097880452192,0.00376202157340061,0.00554524889641043,0.00446159456590614,0.00406867179254668,0.00411542191254682,0.00419805965382112,0.00418800487209232
0,-0,0,0,0,0,0,0,0,-0,0,0,0,-0,0,0,0,0,0,0,0,0,0,0,0,0,0,0,0,0,0,0,0,-0,0,0,0,-0,0,0,0,-0,0,0,0,-0,0,0,0,-0,0,0,0,-0,0,0,0,-0,0,0,0,-0,0,0,0,-0,0.00574427326148279,0.00527821303974951,0.00465294787215942,0.00514659625223467,0.00635171585653066,-0.00488458462147171,-0.00438944211491472,-0.00475057631572343,-0.00361714750106106,-0.0024030648181108,-0.00232270926850204,0.00736054946149171,0.00571971865462699,0.0333009896488143,0.000263722489958609,0.00607030936328469,4.89016265711959e-05,0.00577321016278966,0.000596005429671645,0.00190325482895088,0.00573060443523201,0.00144203170377627,0.00668088188449883,0.0061058685612036,0.00276356668310739,0.00592606458612433,0.00608461853023924,0.00387253396326881,0.00570814501383018,0.00459265747144273,0.00418819227763981,0.00423631571977195,0.0043213810107302,0.00431103086175356
0,-0,0,0,0,0,0,0,0,-0,0,0,0,-0,0,0,0,0,0,0,0,0,0,0,0,0,0,0,0,0,0,0,0,-0,0,0,0,-0,0,0,0,-0,0,0,0,-0,0,0,0,-0,0,0,0,-0,0,0,0,-0,0,0,0,-0,0,0,0,-0,0.000257296357797045,0.000236420680038097,0.000208413925666395,0.000230525326786088,0.000284504807005859,-0.000218789353369257,-0.000196611027630149,-0.000212786879703043,-0.000162018559228057,-0.000107637606552604,-0.000104038336583721,0.00032969228336083,0.000256196512677647,0.000263722489958609,0.0286158010784429,-0.0017961753914596,-1.44697564807472e-05,-0.00170826516467954,-0.0001763551446698,-0.000563163964610268,-0.0016956583344845,-0.000426690256627376,-0.00197684086856683,-0.00180669718737141,-0.000817726111106989,-0.00175349405454965,-0.00180040940524999,-0.00114586420413525,-0.00168901269954003,-0.00135894529222886,-0.00123926598359184,-0.00125350547903385,-0.00127867589015173,-0.00127561333077012
0,-0,0,0,0,0,0,0,0,-0,0,0,0,-0,0,0,0,0,0,0,0,0,0,0,0,0,0,0,0,0,0,0,0,-0,0,0,0,-0,0,0,0,-0,0,0,0,-0,0,0,0,-0,0,0,0,-0,0,0,0,-0,0,0,0,-0,0,0,0,-0,0.00592239399119729,0.00544188198713974,0.00479722834639623,0.00530618397347711,0.00654867240991934,-0.0050360477809566,-0.00452555169692063,-0.00489788409190375,-0.00372930946186019,-0.00247758001602509,-0.00239473276929793,0.00758878833201546,0.00589707798524157,0.00607030936328469,-0.0017961753914596,0.0329057524698445,5.28432481978448e-05,0.00623854867253657,0.000644045301878628,0.00205666302660857,0.00619250879219229,0.00155826389784537,0.00721938152893678,0.0065980203618247,0.00298631866435208,0.00640372363289606,0.0065750575129545,0.00418467212082741,0.0061682390722927,0.00496283980038578,0.00452577346697047,0.00457777580666813,0.00466969762191868,0.00465851321907554
0,-0,0,0,0,0,0,0,0,-0,0,0,0,-0,0,0,0,0,0,0,0,0,0,0,0,0,0,0,0,0,0,0,0,-0,0,0,0,-0,0,0,0,-0,0,0,0,-0,0,0,0,-0,0,0,0,-0,0,0,0,-0,0,0,0,-0,0,0,0,-0,4.77100394778417e-05,4.38390969641831e-05,3.86458506696741e-05,4.27459313290478e-05,5.27552573619882e-05,-4.05697491249078e-05,-3.64572587436802e-05,-3.9456720327953e-05,-3.00428343529485e-05,-1.99590639443715e-05,-1.9291657247374e-05,6.11342966117399e-05,4.75060970104266e-05,4.89016265711959e-05,-1.44697564807472e-05,5.28432481978448e-05,0.0288159202324811,-0.00217415958092452,-0.000224452406661997,-0.000716755428024278,-0.00215811449540715,-0.000543061304951201,-0.0025159838198562,-0.00229943692640352,-0.00104074419814615,-0.0022317237262802,-0.00229143428019571,-0.00145837525073366,-0.00214965639933132,-0.00172956985141467,-0.00157725045692511,-0.00159537348377298,-0.00162740861018031,-0.00162351080030901
0,-0,0,0,0,0,0,0,0,-0,0,0,0,-0,0,0,0,0,0,0,0,0,0,0,0,0,0,0,0,0,0,0,0,-0,0,0,0,-0,0,0,0,-0,0,0,0,-0,0,0,0,-0,0,0,0,-0,0,0,0,-0,0,0,0,-0,0,0,0,-0,0.0056325342139603,0.00517553991282202,0.00456243756045593,0.00504648336814477,0.00622816068294565,-0.00478956845348994,-0.00430405758344327,-0.00465816691099313,-0.00354678583856372,-0.00235631979716777,-0.00227752734391041,0.00721737020301456,0.00560845724948979,0.00577321016278966,-0.00170826516467954,0.00623854867253657,-0.00217415958092452,0.0322029607245274,0.000621328247096538,0.00198411948579322,0.00597408384435017,0.00150330011466265,0.00696473626530815,0.00636529202800144,0.00288098389287409,0.00617784862044969,0.00634313913503685,0.00403706848869684,0.00595067017689735,0.0047877882888054,0.00436613835515364,0.00441630644499922,0.00450498595274962,0.00449419605118046
0,-0,0,0,0,0,0,0,0,-0,0,0,0,-0,0,0,0,0,0,0,0,0,0,0,0,0,0,0,0,0,0,0,0,-0,0,0,0,-0,0,0,0,-0,0,0,0,-0,0,0,0,-0,0,0,0,-0,0,0,0,-0,0,0,0,-0,0,0,0,-0,0.000581482551244854,0.000534304105089726,0.000471009625822392,0.000520980772109737,0.000642972883237183,-0.000494457801391498,-0.000444335407341566,-0.000480892379280226,-0.000366157399100299,-0.00024325797148465,-0.000235123722317486,0.000745095312253185,0.000578996932126582,0.000596005429671645,-0.0001763551446698,0.000644045301878628,-0.000224452406661997,0.000621328247096538,0.0288142803271757,-0.000525622838047423,-0.00158262389310955,-0.000398246616881593,-0.00184506249156639,-0.00168626077447204,-0.000763215593105265,-0.00163660422074325,-0.00168039214279215,-0.00106947964153092,-0.00157642126346765,-0.00126835651096185,-0.0011566551560911,-0.00116994543117426,-0.00119343795512464,-0.00119057954930501
0,-0,0,0,0,0,0,0,0,-0,0,0,0,-0,0,0,0,0,0,0,0,0,0,0,0,0,0,0,0,0,0,0,0,-0,0,0,0,-0,0,0,0,-0,0,0,0,-0,0,0,0,-0,0,0,0,-0,0,0,0,-0,0,0,0,-0,0,0,0,-0,0.00185687817343739,0.00170622081194889,0.00150409929205292,0.00166367472667941,0.0020532384169383,-0.00157897755852538,-0.00141891913663035,-0.00153565839756697,-0.00116926927725755,-0.000776808206536014,-0.000750832689809891,0.00237935122815209,0.00184894071791388,0.00190325482895088,-0.000563163964610268,0.00205666302660857,-0.000716755428024278,0.00198411948579322,-0.000525622838047423,0.0283802522645754,0.00037415397868747,9.41509583254841e-05,0.000436198060165895,0.000398655157817496,0.000180434626318943,0.000386915667957382,0.000397267732856935,0.000252839644811519,0.000372687592031142,0.000299856862414804,0.000273449131221291,0.000276591134398334,0.000282145089032606,0.000281469322721498
0,-0,0,0,0,0,0,0,0,-0,0,0,0,-0,0,0,0,0,0,0,0,0,0,0,0,0,0,0,0,0,0,0,0,-0,0,0,0,-0,0,0,0,-0,0,0,0,-0,0,0,0,-0,0,0,0,-0,0,0,0,-0,0,0,0,-0,0,0,0,-0,0.00559096666117557,0.00513734493337875,0.00452876721653662,0.00500924081340579,0.00618219746495073,-0.00475422190574717,-0.0042722940585374,-0.00462379009380969,-0.00352061090522817,-0.00233893038703268,-0.00226071941439051,0.00716410671530468,0.00556706738235303,0.00573060443523201,-0.0016956583344845,0.00619250879219229,-0.00215811449540715,0.00597408384435017,-0.00158262389310955,0.00037415397868747,0.0326543564040571,0.0015655018190585,0.00725291456193986,0.00662866725777573,0.00300018970329469,0.00643346804729829,0.00660559774963479,0.00420410934654714,0.00619688969334009,0.00498589150781367,0.00454679506146913,0.00459903894487332,0.00469138772429692,0.0046801513714428
0,-0,0,0,0,0,0,0,0,-0,0,0,0,-0,0,0,0,0,0,0,0,0,0,0,0,0,0,0,0,0,0,0,0,-0,0,0,0,-0,0,0,0,-0,0,0,0,-0,0,0,0,-0,0,0,0,-0,0,0,0,-0,0,0,0,-0,0,0,0,-0,0.0014068936830823,0.00129274570438339,0.00113960507640658,0.00126050997698792,0.00155566918712011,-0.00119633780212183,-0.00107506695845017,-0.00116351634146779,-0.000885915717858122,-0.000588561260709365,-0.000568880491707094,0.00180275381584379,0.00140087974194416,0.00144203170377627,-0.000426690256627376,0.00155826389784537,-0.000543061304951201,0.00150330011466265,-0.000398246616881593,9.41509583254841e-05,0.0015655018190585,0.0287548661619019,-0.000641895901250866,-0.000586648899168066,-0.000265522150726237,-0.000569373420177817,-0.000584607206467418,-0.000372071190817571,-0.000548435813036084,-0.000441260309302625,-0.000402399489041287,-0.000407023166093621,-0.000415196198119753,-0.000414201760810383
0,-0,0,0,0,0,0,0,0,-0,0,0,0,-0,0,0,0,0,0,0,0,0,0,0,0,0,0,0,0,0,0,0,0,-0,0,0,0,-0,0,0,0,-0,0,0,0,-0,0,0,0,-0,0,0,0,-0,0,0,0,-0,0,0,0,-0,0,0,0,-0,0.00651808867731986,0.0059892451289813,0.00527975001555778,0.00583989814401139,0.00720736032591154,-0.00554259072737897,-0.00498074719752994,-0.00539053006093721,-0.00410441618941643,-0.00272678350572592,-0.00263560319897125,0.00835209467235853,0.00649022630071672,0.00668088188449883,-0.00197684086856683,0.00721938152893678,-0.0025159838198562,0.00696473626530815,-0.00184506249156639,0.000436198060165895,0.00725291456193986,-0.000641895901250866,0.0360649711869345,0.00839269961440945,0.0037986053586352,0.00814555365357016,0.00836349080899659,0.00532291417257547,0.00784601666026075,0.00631274555017511,0.00575679600064816,0.00582294311635793,0.00593986791214557,0.00592564132170154
0,-0,0,0,0,0,0,0,0,-0,0,0,0,-0,0,0,0,0,0,0,0,0,0,0,0,0,0,0,0,0,0,0,0,-0,0,0,0,-0,0,0,0,-0,0,0,0,-0,0,0,0,-0,0,0,0,-0,0,0,0,-0,0,0,0,-0,0,0,0,-0,0.00595708671729795,0.00547375992729918,0.0048253299771407,0.00533726700974677,0.00658703380542561,-0.00506554838941903,-0.00455206187603216,-0.00492657535282388,-0.00375115534241074,-0.00249209340453254,-0.00240876084783729,0.00763324261105023,0.00593162241299162,0.0061058685612036,-0.00180669718737141,0.0065980203618247,-0.00229943692640352,0.00636529202800144,-0.00168626077447204,0.000398655157817496,0.00662866725777573,-0.000586648899168066,0.00839269961440945,0.0347890080613609,0.00331845598830803,0.00711594354973637,0.00730633312438792,0.0046500898997255,0.00685426847814522,0.00551480511815263,0.00502912841903702,0.00508691444088247,0.00518905976847781,0.00517663144023758
0,-0,0,0,0,0,0,0,0,-0,0,0,0,-0,0,0,0,0,0,0,0,0,0,0,0,0,0,0,0,0,0,0,0,-0,0,0,0,-0,0,0,0,-0,0,0,0,-0,0,0,0,-0,0,0,0,-0,0,0,0,-0,0,0,0,-0,0,0,0,-0,0.0026962267882591,0.00247746907991587,0.00218398431380527,0.002415691254919,0.00298134605792889,-0.00229270915682915,-0.00206030090788034,-0.00222980880941176,-0.00169780397719585,-0.00112794211583883,-0.00109022511047052,0.00345486882865618,0.00268470143322008,0.00276356668310739,-0.000817726111106989,0.00298631866435208,-0.00104074419814615,0.00288098389287409,-0.000763215593105265,0.000180434626318943,0.00300018970329469,-0.000265522150726237,0.0037986053586352,0.00331845598830803,0.028925202015876,0.00116558314287429,0.00119676873017439,0.000761679229477704,0.00112272107543021,0.000903318560220128,0.000823765290942582,0.00083323057302163,0.000849961856952755,0.000847926111476464
0,-0,0,0,0,0,0,0,0,-0,0,0,0,-0,0,0,0,0,0,0,0,0,0,0,0,0,0,0,0,0,0,0,0,-0,0,0,0,-0,0,0,0,-0,0,0,0,-0,0,0,0,-0,0,0,0,-0,0,0,0,-0,0,0,0,-0,0,0,0,-0,0.00578166402993978,0.00531257011725125,0.00468323495785518,0.00518009660642207,0.00639306060565473,-0.0049163794829409,-0.00441801398228646,-0.00478149888694746,-0.00364069232884525,-0.00241870690826059,-0.00233782830628073,0.00740846093577277,0.00575694959161746,0.00592606458612433,-0.00175349405454965,0.00640372363289606,-0.0022317237262802,0.00617784862044969,-0.00163660422074325,0.000386915667957382,0.00643346804729829,-0.000569373420177817,0.00814555365357016,0.00711594354973637,0.00116558314287429,0.0338276647526644,0.00738183354417647,0.00469814187511544,0.00692509746152623,0.00557179267872289,0.00508109721108954,0.00513948036816453,0.00524268122046448,0.00523012446336898
0,-0,0,0,0,0,0,0,0,-0,0,0,0,-0,0,0,0,0,0,0,0,0,0,0,0,0,0,0,0,0,0,0,0,-0,0,0,0,-0,0,0,0,-0,0,0,0,-0,0,0,0,-0,0,0,0,-0,0,0,0,-0,0,0,0,-0,0,0,0,-0,0.00593635448634161,0.00545470980088708,0.0048085365577607,0.0053186919146419,0.0065641091926657,-0.0050479189466874,-0.00453621950162666,-0.00490942957286704,-0.00373810033371225,-0.00248342026303243,-0.00240037772558544,0.00760667691606067,0.00591097880452192,0.00608461853023924,-0.00180040940524999,0.0065750575129545,-0.00229143428019571,0.00634313913503685,-0.00168039214279215,0.000397267732856935,0.00660559774963479,-0.000584607206467418,0.00836349080899659,0.00730633312438792,0.00119676873017439,0.00738183354417647,0.0347593262396289,0.00484503544750303,0.0071416197233685,0.00574600209021721,0.00523996438471385,0.00530017296782704,0.00540660053023297,0.0053936511696452
0,-0,0,0,0,0,0,0,0,-0,0,0,0,-0,0,0,0,0,0,0,0,0,0,0,0,0,0,0,0,0,0,0,0,-0,0,0,0,-0,0,0,0,-0,0,0,0,-0,0,0,0,-0,0,0,0,-0,0,0,0,-0,0,0,0,-0,0,0,0,-0,0.00377817183642852,0.00347163077828642,0.0030603761009839,0.00338506267521164,0.00417770410106604,-0.00321273017654673,-0.00288706087285324,-0.00312458910393785,-0.00237910074862786,-0.00158056405111807,-0.00152771192159487,0.0048412426446559,0.00376202157340061,0.00387253396326881,-0.00114586420413525,0.00418467212082741,-0.00145837525073366,0.00403706848869684,-0.00106947964153092,0.000252839644811519,0.00420410934654714,-0.000372071190817571,0.00532291417257547,0.0046500898997255,0.000761679229477704,0.00469814187511544,0.00484503544750303,0.0297301111223688,0.00259041288587117,0.00208419356298639,0.00190064324193202,0.00192248213780967,0.00196108561149591,0.00195638861111929
0,-0,0,0,0,0,0,0,0,-0,0,0,0,-0,0,0,0,0,0,0,0,0,0,0,0,0,0,0,0,0,0,0,0,-0,0,0,0,-0,0,0,0,-0,0,0,0,-0,0,0,0,-0,0,0,0,-0,0,0,0,-0,0,0,0,-0,0,0,0,-0,0.00556905450902719,0.00511721061839516,0.00451101804321702,0.00498960856490511,0.00615796815727053,-0.00473558912897365,-0.00425555005645215,-0.00460566850622426,-0.00350681290454498,-0.00232976363616274,-0.00225185918846269,0.00713602910263654,0.00554524889641043,0.00570814501383018,-0.00168901269954003,0.0061682390722927,-0.00214965639933132,0.00595067017689735,-0.00157642126346765,0.000372687592031142,0.00619688969334009,-0.000548435813036084,0.00784601666026075,0.00685426847814522,0.00112272107543021,0.00692509746152623,0.0071416197233685,0.00259041288587117,0.033135441660409,0.00559968709376975,0.00510653502664948,0.00516521047098444,0.00526892798418209,0.00525630836340622
0,-0,0,0,0,0,0,0,0,-0,0,0,0,-0,0,0,0,0,0,0,0,0,0,0,0,0,0,0,0,0,0,0,0,-0,0,0,0,-0,0,0,0,-0,0,0,0,-0,0,0,0,-0,0,0,0,-0,0,0,0,-0,0,0,0,-0,0,0,0,-0,0.00448074807801589,0.00411720366644102,0.00362947344011011,0.00401453764746066,0.00495457603089485,-0.0038101587717496,-0.00342392908983741,-0.00370562727906349,-0.00282151039400511,-0.00187448047384816,-0.00181180013848152,0.00574150399039451,0.00446159456590614,0.00459265747144273,-0.00135894529222886,0.00496283980038578,-0.00172956985141467,0.0047877882888054,-0.00126835651096185,0.000299856862414804,0.00498589150781367,-0.000441260309302625,0.00631274555017511,0.00551480511815263,0.000903318560220128,0.00557179267872289,0.00574600209021721,0.00208419356298639,0.00559968709376975,0.0318505246757209,0.00256545220332923,0.00259492993082251,0.00264703616751102,0.00264069624547862
0,-0,0,0,0,0,0,0,0,-0,0,0,0,-0,0,0,0,0,0,0,0,0,0,0,0,0,0,0,0,0,0,0,0,-0,0,0,0,-0,0,0,0,-0,0,0,0,-0,0,0,0,-0,0,0,0,-0,0,0,0,-0,0,0,0,-0,0,0,0,-0,0.00408613849717392,0.00375461063849851,0.00330983373532378,0.00366098618891933,0.0045182374693958,-0.00347460650911776,-0.00312239122172953,-0.00337928087397942,-0.00257302620910252,-0.00170939912109127,-0.00165223890433773,0.0052358624226018,0.00406867179254668,0.00418819227763981,-0.00123926598359184,0.00452577346697047,-0.00157725045692511,0.00436613835515364,-0.0011566551560911,0.000273449131221291,0.00454679506146913,-0.000402399489041287,0.00575679600064816,0.00502912841903702,0.000823765290942582,0.00508109721108954,0.00523996438471385,0.00190064324193202,0.00510653502664948,0.00256545220332923,0.0302857491921005,0.00188374705608647,0.00192157272867972,0.00191697036569393
0,-0,0,0,0,0,0,0,0,-0,0,0,0,-0,0,0,0,0,0,0,0,0,0,0,0,0,0,0,0,0,0,0,0,-0,0,0,0,-0,0,0,0,-0,0,0,0,-0,0,0,0,-0,0,0,0,-0,0,0,0,-0,0,0,0,-0,0,0,0,-0,0.00413308931425138,0.00379775211238814,0.0033478646044124,0.00370305189300595,0.00457015321847891,-0.00351453066115974,-0.00315826832653082,-0.00341810970914428,-0.00260259096393465,-0.00172904057120419,-0.00167122356837188,0.00529602387308038,0.00411542191254682,0.00423631571977195,-0.00125350547903385,0.00457777580666813,-0.00159537348377298,0.00441630644499922,-0.00116994543117426,0.000276591134398334,0.00459903894487332,-0.000407023166093621,0.00582294311635793,0.00508691444088247,0.00083323057302163,0.00513948036816453,0.00530017296782704,0.00192248213780967,0.00516521047098444,0.00259492993082251,0.00188374705608647,0.0303956257770834,0.0020736875714285,0.00206872087785484
0,-0,0,0,0,0,0,0,0,-0,0,0,0,-0,0,0,0,0,0,0,0,0,0,0,0,0,0,0,0,0,0,0,0,-0,0,0,0,-0,0,0,0,-0,0,0,0,-0,0,0,0,-0,0,0,0,-0,0,0,0,-0,0,0,0,-0,0,0,0,-0,0.00421608181724928,0.00387401103872826,0.00341508978201991,0.00377740923734689,0.00466192197203031,-0.00358510249599204,-0.00322168640768721,-0.00348674540963717,-0.002654851034297,-0.00176375973497701,-0.00170478176575465,0.00540236812159396,0.00419805965382112,0.0043213810107302,-0.00127867589015173,0.00466969762191868,-0.00162740861018031,0.00450498595274962,-0.00119343795512464,0.000282145089032606,0.00469138772429692,-0.000415196198119753,0.00593986791214557,0.00518905976847781,0.000849961856952755,0.00524268122046448,0.00540660053023297,0.00196108561149591,0.00526892798418209,0.00264703616751102,0.00192157272867972,0.0020736875714285,0.0307116454626584,0.00244622550088593
0,-0,0,0,0,0,0,0,0,-0,0,0,0,-0,0,0,0,0,0,0,0,0,0,0,0,0,0,0,0,0,0,0,0,-0,0,0,0,-0,0,0,0,-0,0,0,0,-0,0,0,0,-0,0,0,0,-0,0,0,0,-0,0,0,0,-0,0,0,0,-0,0.00420598387059799,0.00386473238653619,0.00340691029311932,0.0037683619563376,0.00465075619266298,-0.00357651580927363,-0.00321397013962549,-0.00347839429818836,-0.00264849239486032,-0.00175953535023271,-0.00170069863927161,0.00538942889805724,0.00418800487209232,0.00431103086175356,-0.00127561333077012,0.00465851321907554,-0.00162351080030901,0.00449419605118046,-0.00119057954930501,0.000281469322721498,0.0046801513714428,-0.000414201760810383,0.00592564132170154,0.00517663144023758,0.000847926111476464,0.00523012446336898,0.0053936511696452,0.00195638861111929,0.00525630836340622,0.00264069624547862,0.00191697036569393,0.00206872087785484,0.00244622550088593,0.030632228974418
