36.9768016374003,1.44816066559151,1.44816066559151,1.44816066559151,1.44816066559151,1.44816066559151,1.44816066559151,1.44816066559151,1.44816066559151,1.44816066559151,1.44816066559151,1.44816066559151,1.44816066559151,1.44816066559151,1.44816066559151,1.44816066559151,1.44816066559151,1.44816066559151,1.44816066559151,1.44816066559151,1.44816066559151,1.44816066559151,1.44816066559151,1.44816066559151,1.44816066559151,1.44816066559151,1.44816066559151,1.44816066559151,1.44816066559151,1.44816066559151,1.44816066559151,1.44816066559151,1.44816066559151,0,0,0,0,0,0,0,0,0,0,0,0,0,0,0,0,0,0,0,0,0,0,0,0,0,0,0,0,0,0,0,0,0,0,0,0,0,0,0,0,0,0,0,0,0,0,0,0,0,0,0,0,0,0,0,0,0,0,0,0,0,0,0,0,0,0,0
1.44816066559151,35.7705702217068,1.79874325519153,1.79874325519153,1.79874325519153,1.79874325519153,1.79874325519153,1.79874325519153,1.79874325519153,1.79874325519153,1.79874325519153,1.79874325519153,1.79874325519153,1.79874325519153,1.79874325519153,1.79874325519153,1.79874325519153,1.79874325519153,1.79874325519153,1.79874325519153,1.79874325519153,1.79874325519153,1.79874325519153,1.79874325519153,1.79874325519153,1.79874325519153,1.79874325519153,1.79874325519153,1.79874325519153,1.79874325519153,1.79874325519153,1.79874325519153,1.79874325519153,0,0,0,0,0,0,0,0,0,0,0,0,0,0,0,0,0,0,0,0,0,0,0,0,0,0,0,0,0,0,0,0,0,0,0,0,0,0,0,0,0,0,0,0,0,0,0,0,0,0,0,0,0,0,0,0,0,0,0,0,0,0,0,0,0,0,0
1.44816066559151,1.79874325519153,35.7046261849002,-1.69307053794252,-1.69307053794252,-1.69307053794252,-1.69307053794252,-1.69307053794252,-1.69307053794252,-1.69307053794252,-1.69307053794252,-1.69307053794252,-1.69307053794252,-1.69307053794252,-1.69307053794252,-1.69307053794252,-1.69307053794252,-1.69307053794252,-1.69307053794252,-1.69307053794252,-1.69307053794252,-1.69307053794252,-1.69307053794252,-1.69307053794252,-1.69307053794252,-1.69307053794252,-1.69307053794252,-1.69307053794252,-1.69307053794252,-1.69307053794252,-1.69307053794252,-1.69307053794252,-1.69307053794252,0,0,0,0,0,0,0,0,0,0,0,0,0,0,0,0,0,0,0,0,0,0,0,0,0,0,0,0,0,0,0,0,0,0,0,0,0,0,0,0,0,0,0,0,0,0,0,0,0,0,0,0,0,0,0,0,0,0,0,0,0,0,0,0,0,0,0
1.44816066559151,1.79874325519153,-1.69307053794252,36.6928418467549,-1.50363680984109,-1.50363680984109,-1.50363680984109,-1.50363680984109,-1.50363680984109,-1.50363680984109,-1.50363680984109,-1.50363680984109,-1.50363680984109,-1.50363680984109,-1.50363680984109,-1.50363680984109,-1.50363680984109,-1.50363680984109,-1.50363680984109,-1.50363680984109,-1.50363680984109,-1.50363680984109,-1.50363680984109,-1.50363680984109,-1.50363680984109,-1.50363680984109,-1.50363680984109,-1.50363680984109,-1.50363680984109,-1.50363680984109,-1.50363680984109,-1.50363680984109,-1.50363680984109,0,0,0,0,0,0,0,0,0,0,0,0,0,0,0,0,0,0,0,0,0,0,0,0,0,0,0,0,0,0,0,0,0,0,0,0,0,0,0,0,0,0,0,0,0,0,0,0,0,0,0,0,0,0,0,0,0,0,0,0,0,0,0,0,0,0,0
1.44816066559151,1.79874325519153,-1.69307053794252,-1.50363680984109,35.9553436777563,-1.72477842266824,-1.72477842266824,-1.72477842266824,-1.72477842266824,-1.72477842266824,-1.72477842266824,-1.72477842266824,-1.72477842266824,-1.72477842266824,-1.72477842266824,-1.72477842266824,-1.72477842266824,-1.72477842266824,-1.72477842266824,-1.72477842266824,-1.72477842266824,-1.72477842266824,-1.72477842266824,-1.72477842266824,-1.72477842266824,-1.72477842266824,-1.72477842266824,-1.72477842266824,-1.72477842266824,-1.72477842266824,-1.72477842266824,-1.72477842266824,-1.72477842266824,0,0,0,0,0,0,0,0,0,0,0,0,0,0,0,0,0,0,0,0,0,0,0,0,0,0,0,0,0,0,0,0,0,0,0,0,0,0,0,0,0,0,0,0,0,0,0,0,0,0,0,0,0,0,0,0,0,0,0,0,0,0,0,0,0,0,0
1.44816066559151,1.79874325519153,-1.69307053794252,-1.50363680984109,-1.72477842266824,36.6687154694106,-1.49573572482856,-1.49573572482856,-1.49573572482856,-1.49573572482856,-1.49573572482856,-1.49573572482856,-1.49573572482856,-1.49573572482856,-1.49573572482856,-1.49573572482856,-1.49573572482856,-1.49573572482856,-1.49573572482856,-1.49573572482856,-1.49573572482856,-1.49573572482856,-1.49573572482856,-1.49573572482856,-1.49573572482856,-1.49573572482856,-1.49573572482856,-1.49573572482856,-1.49573572482856,-1.49573572482856,-1.49573572482856,-1.49573572482856,-1.49573572482856,0,0,0,0,0,0,0,0,0,0,0,0,0,0,0,0,0,0,0,0,0,0,0,0,0,0,0,0,0,0,0,0,0,0,0,0,0,0,0,0,0,0,0,0,0,0,0,0,0,0,0,0,0,0,0,0,0,0,0,0,0,0,0,0,0,0,0
1.44816066559151,1.79874325519153,-1.69307053794252,-1.50363680984109,-1.72477842266824,-1.49573572482856,36.0068596748422,1.65940339465138,1.65940339465138,1.65940339465138,1.65940339465138,1.65940339465138,1.65940339465138,1.65940339465138,1.65940339465138,1.65940339465138,1.65940339465138,1.65940339465138,1.65940339465138,1.65940339465138,1.65940339465138,1.65940339465138,1.65940339465138,1.65940339465138,1.65940339465138,1.65940339465138,1.65940339465138,1.65940339465138,1.65940339465138,1.65940339465138,1.65940339465138,1.65940339465138,1.65940339465138,0,0,0,0,0,0,0,0,0,0,0,0,0,0,0,0,0,0,0,0,0,0,0,0,0,0,0,0,0,0,0,0,0,0,0,0,0,0,0,0,0,0,0,0,0,0,0,0,0,0,0,0,0,0,0,0,0,0,0,0,0,0,0,0,0,0,0
1.44816066559151,1.79874325519153,-1.69307053794252,-1.50363680984109,-1.72477842266824,-1.49573572482856,1.65940339465138,36.272650550738,1.65636911970939,1.65636911970939,1.65636911970939,1.65636911970939,1.65636911970939,1.65636911970939,1.65636911970939,1.65636911970939,1.65636911970939,1.65636911970939,1.65636911970939,1.65636911970939,1.65636911970939,1.65636911970939,1.65636911970939,1.65636911970939,1.65636911970939,1.65636911970939,1.65636911970939,1.65636911970939,1.65636911970939,1.65636911970939,1.65636911970939,1.65636911970939,1.65636911970939,0,0,0,0,0,0,0,0,0,0,0,0,0,0,0,0,0,0,0,0,0,0,0,0,0,0,0,0,0,0,0,0,0,0,0,0,0,0,0,0,0,0,0,0,0,0,0,0,0,0,0,0,0,0,0,0,0,0,0,0,0,0,0,0,0,0,0
1.44816066559151,1.79874325519153,-1.69307053794252,-1.50363680984109,-1.72477842266824,-1.49573572482856,1.65940339465138,1.65636911970939,36.0604371027961,-1.92526838817187,-1.92526838817187,-1.92526838817187,-1.92526838817187,-1.92526838817187,-1.92526838817187,-1.92526838817187,-1.92526838817187,-1.92526838817187,-1.92526838817187,-1.92526838817187,-1.92526838817187,-1.92526838817187,-1.92526838817187,-1.92526838817187,-1.92526838817187,-1.92526838817187,-1.92526838817187,-1.92526838817187,-1.92526838817187,-1.92526838817187,-1.92526838817187,-1.92526838817187,-1.92526838817187,0,0,0,0,0,0,0,0,0,0,0,0,0,0,0,0,0,0,0,0,0,0,0,0,0,0,0,0,0,0,0,0,0,0,0,0,0,0,0,0,0,0,0,0,0,0,0,0,0,0,0,0,0,0,0,0,0,0,0,0,0,0,0,0,0,0,0
1.44816066559151,1.79874325519153,-1.69307053794252,-1.50363680984109,-1.72477842266824,-1.49573572482856,1.65940339465138,1.65636911970939,-1.92526838817187,36.8715817896244,1.01575759218454,1.01575759218454,1.01575759218454,1.01575759218454,1.01575759218454,1.01575759218454,1.01575759218454,1.01575759218454,1.01575759218454,1.01575759218454,1.01575759218454,1.01575759218454,1.01575759218454,1.01575759218454,1.01575759218454,1.01575759218454,1.01575759218454,1.01575759218454,1.01575759218454,1.01575759218454,1.01575759218454,1.01575759218454,1.01575759218454,0,0,0,0,0,0,0,0,0,0,0,0,0,0,0,0,0,0,0,0,0,0,0,0,0,0,0,0,0,0,0,0,0,0,0,0,0,0,0,0,0,0,0,0,0,0,0,0,0,0,0,0,0,0,0,0,0,0,0,0,0,0,0,0,0,0,0
1.44816066559151,1.79874325519153,-1.69307053794252,-1.50363680984109,-1.72477842266824,-1.49573572482856,1.65940339465138,1.65636911970939,-1.92526838817187,1.01575759218454,35.8324476201321,1.81695061445706,1.81695061445706,1.81695061445706,1.81695061445706,1.81695061445706,1.81695061445706,1.81695061445706,1.81695061445706,1.81695061445706,1.81695061445706,1.81695061445706,1.81695061445706,1.81695061445706,1.81695061445706,1.81695061445706,1.81695061445706,1.81695061445706,1.81695061445706,1.81695061445706,1.81695061445706,1.81695061445706,1.81695061445706,0,0,0,0,0,0,0,0,0,0,0,0,0,0,0,0,0,0,0,0,0,0,0,0,0,0,0,0,0,0,0,0,0,0,0,0,0,0,0,0,0,0,0,0,0,0,0,0,0,0,0,0,0,0,0,0,0,0,0,0,0,0,0,0,0,0,0
1.44816066559151,1.79874325519153,-1.69307053794252,-1.50363680984109,-1.72477842266824,-1.49573572482856,1.65940339465138,1.65636911970939,-1.92526838817187,1.01575759218454,1.81695061445706,35.3901151736795,1.14063170295637,1.14063170295637,1.14063170295637,1.14063170295637,1.14063170295637,1.14063170295637,1.14063170295637,1.14063170295637,1.14063170295637,1.14063170295637,1.14063170295637,1.14063170295637,1.14063170295637,1.14063170295637,1.14063170295637,1.14063170295637,1.14063170295637,1.14063170295637,1.14063170295637,1.14063170295637,1.14063170295637,0,0,0,0,0,0,0,0,0,0,0,0,0,0,0,0,0,0,0,0,0,0,0,0,0,0,0,0,0,0,0,0,0,0,0,0,0,0,0,0,0,0,0,0,0,0,0,0,0,0,0,0,0,0,0,0,0,0,0,0,0,0,0,0,0,0,0
1.44816066559151,1.79874325519153,-1.69307053794252,-1.50363680984109,-1.72477842266824,-1.49573572482856,1.65940339465138,1.65636911970939,-1.92526838817187,1.01575759218454,1.81695061445706,1.14063170295637,36.7166009630476,1.69262792327683,1.69262792327683,1.69262792327683,1.69262792327683,1.69262792327683,1.69262792327683,1.69262792327683,1.69262792327683,1.69262792327683,1.69262792327683,1.69262792327683,1.69262792327683,1.69262792327683,1.69262792327683,1.69262792327683,1.69262792327683,1.69262792327683,1.69262792327683,1.69262792327683,1.69262792327683,0,0,0,0,0,0,0,0,0,0,0,0,0,0,0,0,0,0,0,0,0,0,0,0,0,0,0,0,0,0,0,0,0,0,0,0,0,0,0,0,0,0,0,0,0,0,0,0,0,0,0,0,0,0,0,0,0,0,0,0,0,0,0,0,0,0,0
1.44816066559151,1.79874325519153,-1.69307053794252,-1.50363680984109,-1.72477842266824,-1.49573572482856,1.65940339465138,1.65636911970939,-1.92526838817187,1.01575759218454,1.81695061445706,1.14063170295637,1.69262792327683,36.6814537499006,1.66797146925598,1.66797146925598,1.66797146925598,1.66797146925598,1.66797146925598,1.66797146925598,1.66797146925598,1.66797146925598,1.66797146925598,1.66797146925598,1.66797146925598,1.66797146925598,1.66797146925598,1.66797146925598,1.66797146925598,1.66797146925598,1.66797146925598,1.66797146925598,1.66797146925598,0,0,0,0,0,0,0,0,0,0,0,0,0,0,0,0,0,0,0,0,0,0,0,0,0,0,0,0,0,0,0,0,0,0,0,0,0,0,0,0,0,0,0,0,0,0,0,0,0,0,0,0,0,0,0,0,0,0,0,0,0,0,0,0,0,0,0
1.44816066559151,1.79874325519153,-1.69307053794252,-1.50363680984109,-1.72477842266824,-1.49573572482856,1.65940339465138,1.65636911970939,-1.92526838817187,1.01575759218454,1.81695061445706,1.14063170295637,1.69262792327683,1.66797146925598,36.4513248374727,1.57774273231254,1.57774273231254,1.57774273231254,1.57774273231254,1.57774273231254,1.57774273231254,1.57774273231254,1.57774273231254,1.57774273231254,1.57774273231254,1.57774273231254,1.57774273231254,1.57774273231254,1.57774273231254,1.57774273231254,1.57774273231254,1.57774273231254,1.57774273231254,0,0,0,0,0,0,0,0,0,0,0,0,0,0,0,0,0,0,0,0,0,0,0,0,0,0,0,0,0,0,0,0,0,0,0,0,0,0,0,0,0,0,0,0,0,0,0,0,0,0,0,0,0,0,0,0,0,0,0,0,0,0,0,0,0,0,0
1.44816066559151,1.79874325519153,-1.69307053794252,-1.50363680984109,-1.72477842266824,-1.49573572482856,1.65940339465138,1.65636911970939,-1.92526838817187,1.01575759218454,1.81695061445706,1.14063170295637,1.69262792327683,1.66797146925598,1.57774273231254,36.3311230611768,-1.48973136736476,-1.48973136736476,-1.48973136736476,-1.48973136736476,-1.48973136736476,-1.48973136736476,-1.48973136736476,-1.48973136736476,-1.48973136736476,-1.48973136736476,-1.48973136736476,-1.48973136736476,-1.48973136736476,-1.48973136736476,-1.48973136736476,-1.48973136736476,-1.48973136736476,0,0,0,0,0,0,0,0,0,0,0,0,0,0,0,0,0,0,0,0,0,0,0,0,0,0,0,0,0,0,0,0,0,0,0,0,0,0,0,0,0,0,0,0,0,0,0,0,0,0,0,0,0,0,0,0,0,0,0,0,0,0,0,0,0,0,0
1.44816066559151,1.79874325519153,-1.69307053794252,-1.50363680984109,-1.72477842266824,-1.49573572482856,1.65940339465138,1.65636911970939,-1.92526838817187,1.01575759218454,1.81695061445706,1.14063170295637,1.69262792327683,1.66797146925598,1.57774273231254,-1.48973136736476,35.6807736499521,-1.50958915252164,-1.50958915252164,-1.50958915252164,-1.50958915252164,-1.50958915252164,-1.50958915252164,-1.50958915252164,-1.50958915252164,-1.50958915252164,-1.50958915252164,-1.50958915252164,-1.50958915252164,-1.50958915252164,-1.50958915252164,-1.50958915252164,-1.50958915252164,0,0,0,0,0,0,0,0,0,0,0,0,0,0,0,0,0,0,0,0,0,0,0,0,0,0,0,0,0,0,0,0,0,0,0,0,0,0,0,0,0,0,0,0,0,0,0,0,0,0,0,0,0,0,0,0,0,0,0,0,0,0,0,0,0,0,0
1.44816066559151,1.79874325519153,-1.69307053794252,-1.50363680984109,-1.72477842266824,-1.49573572482856,1.65940339465138,1.65636911970939,-1.92526838817187,1.01575759218454,1.81695061445706,1.14063170295637,1.69262792327683,1.66797146925598,1.57774273231254,-1.48973136736476,-1.50958915252164,36.5241180735123,-1.12424054070891,-1.12424054070891,-1.12424054070891,-1.12424054070891,-1.12424054070891,-1.12424054070891,-1.12424054070891,-1.12424054070891,-1.12424054070891,-1.12424054070891,-1.12424054070891,-1.12424054070891,-1.12424054070891,-1.12424054070891,-1.12424054070891,0,0,0,0,0,0,0,0,0,0,0,0,0,0,0,0,0,0,0,0,0,0,0,0,0,0,0,0,0,0,0,0,0,0,0,0,0,0,0,0,0,0,0,0,0,0,0,0,0,0,0,0,0,0,0,0,0,0,0,0,0,0,0,0,0,0,0
1.44816066559151,1.79874325519153,-1.69307053794252,-1.50363680984109,-1.72477842266824,-1.49573572482856,1.65940339465138,1.65636911970939,-1.92526838817187,1.01575759218454,1.81695061445706,1.14063170295637,1.69262792327683,1.66797146925598,1.57774273231254,-1.48973136736476,-1.50958915252164,-1.12424054070891,35.4401050720216,-1.67184315845332,-1.67184315845332,-1.67184315845332,-1.67184315845332,-1.67184315845332,-1.67184315845332,-1.67184315845332,-1.67184315845332,-1.67184315845332,-1.67184315845332,-1.67184315845332,-1.67184315845332,-1.67184315845332,-1.67184315845332,0,0,0,0,0,0,0,0,0,0,0,0,0,0,0,0,0,0,0,0,0,0,0,0,0,0,0,0,0,0,0,0,0,0,0,0,0,0,0,0,0,0,0,0,0,0,0,0,0,0,0,0,0,0,0,0,0,0,0,0,0,0,0,0,0,0,0
1.44816066559151,1.79874325519153,-1.69307053794252,-1.50363680984109,-1.72477842266824,-1.49573572482856,1.65940339465138,1.65636911970939,-1.92526838817187,1.01575759218454,1.81695061445706,1.14063170295637,1.69262792327683,1.66797146925598,1.57774273231254,-1.48973136736476,-1.50958915252164,-1.12424054070891,-1.67184315845332,36.9285395224114,1.41167743991019,1.41167743991019,1.41167743991019,1.41167743991019,1.41167743991019,1.41167743991019,1.41167743991019,1.41167743991019,1.41167743991019,1.41167743991019,1.41167743991019,1.41167743991019,1.41167743991019,0,0,0,0,0,0,0,0,0,0,0,0,0,0,0,0,0,0,0,0,0,0,0,0,0,0,0,0,0,0,0,0,0,0,0,0,0,0,0,0,0,0,0,0,0,0,0,0,0,0,0,0,0,0,0,0,0,0,0,0,0,0,0,0,0,0,0
1.44816066559151,1.79874325519153,-1.69307053794252,-1.50363680984109,-1.72477842266824,-1.49573572482856,1.65940339465138,1.65636911970939,-1.92526838817187,1.01575759218454,1.81695061445706,1.14063170295637,1.69262792327683,1.66797146925598,1.57774273231254,-1.48973136736476,-1.50958915252164,-1.12424054070891,-1.67184315845332,1.41167743991019,35.6188307684341,-1.3029135363298,-1.3029135363298,-1.3029135363298,-1.3029135363298,-1.3029135363298,-1.3029135363298,-1.3029135363298,-1.3029135363298,-1.3029135363298,-1.3029135363298,-1.3029135363298,-1.3029135363298,0,0,0,0,0,0,0,0,0,0,0,0,0,0,0,0,0,0,0,0,0,0,0,0,0,0,0,0,0,0,0,0,0,0,0,0,0,0,0,0,0,0,0,0,0,0,0,0,0,0,0,0,0,0,0,0,0,0,0,0,0,0,0,0,0,0,0
1.44816066559151,1.79874325519153,-1.69307053794252,-1.50363680984109,-1.72477842266824,-1.49573572482856,1.65940339465138,1.65636911970939,-1.92526838817187,1.01575759218454,1.81695061445706,1.14063170295637,1.69262792327683,1.66797146925598,1.57774273231254,-1.48973136736476,-1.50958915252164,-1.12424054070891,-1.67184315845332,1.41167743991019,-1.3029135363298,35.6163708341909,-1.0270896211546,-1.0270896211546,-1.0270896211546,-1.0270896211546,-1.0270896211546,-1.0270896211546,-1.0270896211546,-1.0270896211546,-1.0270896211546,-1.0270896211546,-1.0270896211546,0,0,0,0,0,0,0,0,0,0,0,0,0,0,0,0,0,0,0,0,0,0,0,0,0,0,0,0,0,0,0,0,0,0,0,0,0,0,0,0,0,0,0,0,0,0,0,0,0,0,0,0,0,0,0,0,0,0,0,0,0,0,0,0,0,0,0
1.44816066559151,1.79874325519153,-1.69307053794252,-1.50363680984109,-1.72477842266824,-1.49573572482856,1.65940339465138,1.65636911970939,-1.92526838817187,1.01575759218454,1.81695061445706,1.14063170295637,1.69262792327683,1.66797146925598,1.57774273231254,-1.48973136736476,-1.50958915252164,-1.12424054070891,-1.67184315845332,1.41167743991019,-1.3029135363298,-1.0270896211546,35.5893408625664,-1.27817612547528,-1.27817612547528,-1.27817612547528,-1.27817612547528,-1.27817612547528,-1.27817612547528,-1.27817612547528,-1.27817612547528,-1.27817612547528,-1.27817612547528,0,0,0,0,0,0,0,0,0,0,0,0,0,0,0,0,0,0,0,0,0,0,0,0,0,0,0,0,0,0,0,0,0,0,0,0,0,0,0,0,0,0,0,0,0,0,0,0,0,0,0,0,0,0,0,0,0,0,0,0,0,0,0,0,0,0,0
1.44816066559151,1.79874325519153,-1.69307053794252,-1.50363680984109,-1.72477842266824,-1.49573572482856,1.65940339465138,1.65636911970939,-1.92526838817187,1.01575759218454,1.81695061445706,1.14063170295637,1.69262792327683,1.66797146925598,1.57774273231254,-1.48973136736476,-1.50958915252164,-1.12424054070891,-1.67184315845332,1.41167743991019,-1.3029135363298,-1.0270896211546,-1.27817612547528,36.7841180156059,-1.67779286090815,-1.67779286090815,-1.67779286090815,-1.67779286090815,-1.67779286090815,-1.67779286090815,-1.67779286090815,-1.67779286090815,-1.67779286090815,0,0,0,0,0,0,0,0,0,0,0,0,0,0,0,0,0,0,0,0,0,0,0,0,0,0,0,0,0,0,0,0,0,0,0,0,0,0,0,0,0,0,0,0,0,0,0,0,0,0,0,0,0,0,0,0,0,0,0,0,0,0,0,0,0,0,0
1.44816066559151,1.79874325519153,-1.69307053794252,-1.50363680984109,-1.72477842266824,-1.49573572482856,1.65940339465138,1.65636911970939,-1.92526838817187,1.01575759218454,1.81695061445706,1.14063170295637,1.69262792327683,1.66797146925598,1.57774273231254,-1.48973136736476,-1.50958915252164,-1.12424054070891,-1.67184315845332,1.41167743991019,-1.3029135363298,-1.0270896211546,-1.27817612547528,-1.67779286090815,36.1450231160103,-1.6552129426059,-1.6552129426059,-1.6552129426059,-1.6552129426059,-1.6552129426059,-1.6552129426059,-1.6552129426059,-1.6552129426059,0,0,0,0,0,0,0,0,0,0,0,0,0,0,0,0,0,0,0,0,0,0,0,0,0,0,0,0,0,0,0,0,0,0,0,0,0,0,0,0,0,0,0,0,0,0,0,0,0,0,0,0,0,0,0,0,0,0,0,0,0,0,0,0,0,0,0
1.44816066559151,1.79874325519153,-1.69307053794252,-1.50363680984109,-1.72477842266824,-1.49573572482856,1.65940339465138,1.65636911970939,-1.92526838817187,1.01575759218454,1.81695061445706,1.14063170295637,1.69262792327683,1.66797146925598,1.57774273231254,-1.48973136736476,-1.50958915252164,-1.12424054070891,-1.67184315845332,1.41167743991019,-1.3029135363298,-1.0270896211546,-1.27817612547528,-1.67779286090815,-1.6552129426059,37.1185153534714,-1.02945402250704,-1.02945402250704,-1.02945402250704,-1.02945402250704,-1.02945402250704,-1.02945402250704,-1.02945402250704,0,0,0,0,0,0,0,0,0,0,0,0,0,0,0,0,0,0,0,0,0,0,0,0,0,0,0,0,0,0,0,0,0,0,0,0,0,0,0,0,0,0,0,0,0,0,0,0,0,0,0,0,0,0,0,0,0,0,0,0,0,0,0,0,0,0,0
1.44816066559151,1.79874325519153,-1.69307053794252,-1.50363680984109,-1.72477842266824,-1.49573572482856,1.65940339465138,1.65636911970939,-1.92526838817187,1.01575759218454,1.81695061445706,1.14063170295637,1.69262792327683,1.66797146925598,1.57774273231254,-1.48973136736476,-1.50958915252164,-1.12424054070891,-1.67184315845332,1.41167743991019,-1.3029135363298,-1.0270896211546,-1.27817612547528,-1.67779286090815,-1.6552129426059,-1.02945402250704,35.7768922950569,-1.86681263258343,-1.86681263258343,-1.86681263258343,-1.86681263258343,-1.86681263258343,-1.86681263258343,0,0,0,0,0,0,0,0,0,0,0,0,0,0,0,0,0,0,0,0,0,0,0,0,0,0,0,0,0,0,0,0,0,0,0,0,0,0,0,0,0,0,0,0,0,0,0,0,0,0,0,0,0,0,0,0,0,0,0,0,0,0,0,0,0,0,0
1.44816066559151,1.79874325519153,-1.69307053794252,-1.50363680984109,-1.72477842266824,-1.49573572482856,1.65940339465138,1.65636911970939,-1.92526838817187,1.01575759218454,1.81695061445706,1.14063170295637,1.69262792327683,1.66797146925598,1.57774273231254,-1.48973136736476,-1.50958915252164,-1.12424054070891,-1.67184315845332,1.41167743991019,-1.3029135363298,-1.0270896211546,-1.27817612547528,-1.67779286090815,-1.6552129426059,-1.02945402250704,-1.86681263258343,36.4792461844777,1.16898851986188,1.16898851986188,1.16898851986188,1.16898851986188,1.16898851986188,0,0,0,0,0,0,0,0,0,0,0,0,0,0,0,0,0,0,0,0,0,0,0,0,0,0,0,0,0,0,0,0,0,0,0,0,0,0,0,0,0,0,0,0,0,0,0,0,0,0,0,0,0,0,0,0,0,0,0,0,0,0,0,0,0,0,0
1.44816066559151,1.79874325519153,-1.69307053794252,-1.50363680984109,-1.72477842266824,-1.49573572482856,1.65940339465138,1.65636911970939,-1.92526838817187,1.01575759218454,1.81695061445706,1.14063170295637,1.69262792327683,1.66797146925598,1.57774273231254,-1.48973136736476,-1.50958915252164,-1.12424054070891,-1.67184315845332,1.41167743991019,-1.3029135363298,-1.0270896211546,-1.27817612547528,-1.67779286090815,-1.6552129426059,-1.02945402250704,-1.86681263258343,1.16898851986188,36.5625713480577,-1.06812824911513,-1.06812824911513,-1.06812824911513,-1.06812824911513,0,0,0,0,0,0,0,0,0,0,0,0,0,0,0,0,0,0,0,0,0,0,0,0,0,0,0,0,0,0,0,0,0,0,0,0,0,0,0,0,0,0,0,0,0,0,0,0,0,0,0,0,0,0,0,0,0,0,0,0,0,0,0,0,0,0,0
1.44816066559151,1.79874325519153,-1.69307053794252,-1.50363680984109,-1.72477842266824,-1.49573572482856,1.65940339465138,1.65636911970939,-1.92526838817187,1.01575759218454,1.81695061445706,1.14063170295637,1.69262792327683,1.66797146925598,1.57774273231254,-1.48973136736476,-1.50958915252164,-1.12424054070891,-1.67184315845332,1.41167743991019,-1.3029135363298,-1.0270896211546,-1.27817612547528,-1.67779286090815,-1.6552129426059,-1.02945402250704,-1.86681263258343,1.16898851986188,-1.06812824911513,36.6884747652112,-1.10768339193649,-1.10768339193649,-1.10768339193649,0,0,0,0,0,0,0,0,0,0,0,0,0,0,0,0,0,0,0,0,0,0,0,0,0,0,0,0,0,0,0,0,0,0,0,0,0,0,0,0,0,0,0,0,0,0,0,0,0,0,0,0,0,0,0,0,0,0,0,0,0,0,0,0,0,0,0
1.44816066559151,1.79874325519153,-1.69307053794252,-1.50363680984109,-1.72477842266824,-1.49573572482856,1.65940339465138,1.65636911970939,-1.92526838817187,1.01575759218454,1.81695061445706,1.14063170295637,1.69262792327683,1.66797146925598,1.57774273231254,-1.48973136736476,-1.50958915252164,-1.12424054070891,-1.67184315845332,1.41167743991019,-1.3029135363298,-1.0270896211546,-1.27817612547528,-1.67779286090815,-1.6552129426059,-1.02945402250704,-1.86681263258343,1.16898851986188,-1.06812824911513,-1.10768339193649,36.6270041277532,-1.04171521952527,-1.04171521952527,0,0,0,0,0,0,0,0,0,0,0,0,0,0,0,0,0,0,0,0,0,0,0,0,0,0,0,0,0,0,0,0,0,0,0,0,0,0,0,0,0,0,0,0,0,0,0,0,0,0,0,0,0,0,0,0,0,0,0,0,0,0,0,0,0,0,0
1.44816066559151,1.79874325519153,-1.69307053794252,-1.50363680984109,-1.72477842266824,-1.49573572482856,1.65940339465138,1.65636911970939,-1.92526838817187,1.01575759218454,1.81695061445706,1.14063170295637,1.69262792327683,1.66797146925598,1.57774273231254,-1.48973136736476,-1.50958915252164,-1.12424054070891,-1.67184315845332,1.41167743991019,-1.3029135363298,-1.0270896211546,-1.27817612547528,-1.67779286090815,-1.6552129426059,-1.02945402250704,-1.86681263258343,1.16898851986188,-1.06812824911513,-1.10768339193649,-1.04171521952527,35.4179565738457,1.90859171654508,0,0,0,0,0,0,0,0,0,0,0,0,0,0,0,0,0,0,0,0,0,0,0,0,0,0,0,0,0,0,0,0,0,0,0,0,0,0,0,0,0,0,0,0,0,0,0,0,0,0,0,0,0,0,0,0,0,0,0,0,0,0,0,0,0,0,0
1.44816066559151,1.79874325519153,-1.69307053794252,-1.50363680984109,-1.72477842266824,-1.49573572482856,1.65940339465138,1.65636911970939,-1.92526838817187,1.01575759218454,1.81695061445706,1.14063170295637,1.69262792327683,1.66797146925598,1.57774273231254,-1.48973136736476,-1.50958915252164,-1.12424054070891,-1.67184315845332,1.41167743991019,-1.3029135363298,-1.0270896211546,-1.27817612547528,-1.67779286090815,-1.6552129426059,-1.02945402250704,-1.86681263258343,1.16898851986188,-1.06812824911513,-1.10768339193649,-1.04171521952527,1.90859171654508,35.7767740110068,0,0,0,0,0,0,0,0,0,0,0,0,0,0,0,0,0,0,0,0,0,0,0,0,0,0,0,0,0,0,0,0,0,0,0,0,0,0,0,0,0,0,0,0,0,0,0,0,0,0,0,0,0,0,0,0,0,0,0,0,0,0,0,0,0,0,0
0,0,0,0,0,0,0,0,0,0,0,0,0,0,0,0,0,0,0,0,0,0,0,0,0,0,0,0,0,0,0,0,0,36.1679775487704,1.01877797393189,1.01877797393189,1.01877797393189,1.01877797393189,1.01877797393189,1.01877797393189,1.01877797393189,1.01877797393189,1.01877797393189,1.01877797393189,1.01877797393189,1.01877797393189,1.01877797393189,1.01877797393189,1.01877797393189,1.01877797393189,1.01877797393189,1.01877797393189,1.01877797393189,1.01877797393189,1.01877797393189,1.01877797393189,1.01877797393189,1.01877797393189,1.01877797393189,1.01877797393189,1.01877797393189,1.01877797393189,1.01877797393189,1.01877797393189,1.01877797393189,1.01877797393189,0,0,0,0,0,0,0,0,0,0,0,0,0,0,0,0,0,0,0,0,0,0,0,0,0,0,0,0,0,0,0,0,0,0
0,0,0,0,0,0,0,0,0,0,0,0,0,0,0,0,0,0,0,0,0,0,0,0,0,0,0,0,0,0,0,0,0,1.01877797393189,36.717735757292,-1.14107283226222,-1.14107283226222,-1.14107283226222,-1.14107283226222,-1.14107283226222,-1.14107283226222,-1.14107283226222,-1.14107283226222,-1.14107283226222,-1.14107283226222,-1.14107283226222,-1.14107283226222,-1.14107283226222,-1.14107283226222,-1.14107283226222,-1.14107283226222,-1.14107283226222,-1.14107283226222,-1.14107283226222,-1.14107283226222,-1.14107283226222,-1.14107283226222,-1.14107283226222,-1.14107283226222,-1.14107283226222,-1.14107283226222,-1.14107283226222,-1.14107283226222,-1.14107283226222,-1.14107283226222,-1.14107283226222,0,0,0,0,0,0,0,0,0,0,0,0,0,0,0,0,0,0,0,0,0,0,0,0,0,0,0,0,0,0,0,0,0,0
0,0,0,0,0,0,0,0,0,0,0,0,0,0,0,0,0,0,0,0,0,0,0,0,0,0,0,0,0,0,0,0,0,1.01877797393189,-1.14107283226222,35.4322776842305,1.26133896653504,1.26133896653504,1.26133896653504,1.26133896653504,1.26133896653504,1.26133896653504,1.26133896653504,1.26133896653504,1.26133896653504,1.26133896653504,1.26133896653504,1.26133896653504,1.26133896653504,1.26133896653504,1.26133896653504,1.26133896653504,1.26133896653504,1.26133896653504,1.26133896653504,1.26133896653504,1.26133896653504,1.26133896653504,1.26133896653504,1.26133896653504,1.26133896653504,1.26133896653504,1.26133896653504,1.26133896653504,1.26133896653504,1.26133896653504,0,0,0,0,0,0,0,0,0,0,0,0,0,0,0,0,0,0,0,0,0,0,0,0,0,0,0,0,0,0,0,0,0,0
0,0,0,0,0,0,0,0,0,0,0,0,0,0,0,0,0,0,0,0,0,0,0,0,0,0,0,0,0,0,0,0,0,1.01877797393189,-1.14107283226222,1.26133896653504,36.1634213096131,-1.06525247007218,-1.06525247007218,-1.06525247007218,-1.06525247007218,-1.06525247007218,-1.06525247007218,-1.06525247007218,-1.06525247007218,-1.06525247007218,-1.06525247007218,-1.06525247007218,-1.06525247007218,-1.06525247007218,-1.06525247007218,-1.06525247007218,-1.06525247007218,-1.06525247007218,-1.06525247007218,-1.06525247007218,-1.06525247007218,-1.06525247007218,-1.06525247007218,-1.06525247007218,-1.06525247007218,-1.06525247007218,-1.06525247007218,-1.06525247007218,-1.06525247007218,-1.06525247007218,0,0,0,0,0,0,0,0,0,0,0,0,0,0,0,0,0,0,0,0,0,0,0,0,0,0,0,0,0,0,0,0,0,0
0,0,0,0,0,0,0,0,0,0,0,0,0,0,0,0,0,0,0,0,0,0,0,0,0,0,0,0,0,0,0,0,0,1.01877797393189,-1.14107283226222,1.26133896653504,-1.06525247007218,36.6147246935273,1.79831183734146,1.79831183734146,1.79831183734146,1.79831183734146,1.79831183734146,1.79831183734146,1.79831183734146,1.79831183734146,1.79831183734146,1.79831183734146,1.79831183734146,1.79831183734146,1.79831183734146,1.79831183734146,1.79831183734146,1.79831183734146,1.79831183734146,1.79831183734146,1.79831183734146,1.79831183734146,1.79831183734146,1.79831183734146,1.79831183734146,1.79831183734146,1.79831183734146,1.79831183734146,1.79831183734146,1.79831183734146,0,0,0,0,0,0,0,0,0,0,0,0,0,0,0,0,0,0,0,0,0,0,0,0,0,0,0,0,0,0,0,0,0,0
0,0,0,0,0,0,0,0,0,0,0,0,0,0,0,0,0,0,0,0,0,0,0,0,0,0,0,0,0,0,0,0,0,1.01877797393189,-1.14107283226222,1.26133896653504,-1.06525247007218,1.79831183734146,36.4417249323214,1.6988803681719,1.6988803681719,1.6988803681719,1.6988803681719,1.6988803681719,1.6988803681719,1.6988803681719,1.6988803681719,1.6988803681719,1.6988803681719,1.6988803681719,1.6988803681719,1.6988803681719,1.6988803681719,1.6988803681719,1.6988803681719,1.6988803681719,1.6988803681719,1.6988803681719,1.6988803681719,1.6988803681719,1.6988803681719,1.6988803681719,1.6988803681719,1.6988803681719,1.6988803681719,1.6988803681719,0,0,0,0,0,0,0,0,0,0,0,0,0,0,0,0,0,0,0,0,0,0,0,0,0,0,0,0,0,0,0,0,0,0
0,0,0,0,0,0,0,0,0,0,0,0,0,0,0,0,0,0,0,0,0,0,0,0,0,0,0,0,0,0,0,0,0,1.01877797393189,-1.14107283226222,1.26133896653504,-1.06525247007218,1.79831183734146,1.6988803681719,36.4245059419975,1.24865337198504,1.24865337198504,1.24865337198504,1.24865337198504,1.24865337198504,1.24865337198504,1.24865337198504,1.24865337198504,1.24865337198504,1.24865337198504,1.24865337198504,1.24865337198504,1.24865337198504,1.24865337198504,1.24865337198504,1.24865337198504,1.24865337198504,1.24865337198504,1.24865337198504,1.24865337198504,1.24865337198504,1.24865337198504,1.24865337198504,1.24865337198504,1.24865337198504,1.24865337198504,0,0,0,0,0,0,0,0,0,0,0,0,0,0,0,0,0,0,0,0,0,0,0,0,0,0,0,0,0,0,0,0,0,0
0,0,0,0,0,0,0,0,0,0,0,0,0,0,0,0,0,0,0,0,0,0,0,0,0,0,0,0,0,0,0,0,0,1.01877797393189,-1.14107283226222,1.26133896653504,-1.06525247007218,1.79831183734146,1.6988803681719,1.24865337198504,37.001192325353,-1.9931880969258,-1.9931880969258,-1.9931880969258,-1.9931880969258,-1.9931880969258,-1.9931880969258,-1.9931880969258,-1.9931880969258,-1.9931880969258,-1.9931880969258,-1.9931880969258,-1.9931880969258,-1.9931880969258,-1.9931880969258,-1.9931880969258,-1.9931880969258,-1.9931880969258,-1.9931880969258,-1.9931880969258,-1.9931880969258,-1.9931880969258,-1.9931880969258,-1.9931880969258,-1.9931880969258,-1.9931880969258,0,0,0,0,0,0,0,0,0,0,0,0,0,0,0,0,0,0,0,0,0,0,0,0,0,0,0,0,0,0,0,0,0,0
0,0,0,0,0,0,0,0,0,0,0,0,0,0,0,0,0,0,0,0,0,0,0,0,0,0,0,0,0,0,0,0,0,1.01877797393189,-1.14107283226222,1.26133896653504,-1.06525247007218,1.79831183734146,1.6988803681719,1.24865337198504,-1.9931880969258,35.622985782884,-1.99171170018602,-1.99171170018602,-1.99171170018602,-1.99171170018602,-1.99171170018602,-1.99171170018602,-1.99171170018602,-1.99171170018602,-1.99171170018602,-1.99171170018602,-1.99171170018602,-1.99171170018602,-1.99171170018602,-1.99171170018602,-1.99171170018602,-1.99171170018602,-1.99171170018602,-1.99171170018602,-1.99171170018602,-1.99171170018602,-1.99171170018602,-1.99171170018602,-1.99171170018602,-1.99171170018602,0,0,0,0,0,0,0,0,0,0,0,0,0,0,0,0,0,0,0,0,0,0,0,0,0,0,0,0,0,0,0,0,0,0
0,0,0,0,0,0,0,0,0,0,0,0,0,0,0,0,0,0,0,0,0,0,0,0,0,0,0,0,0,0,0,0,0,1.01877797393189,-1.14107283226222,1.26133896653504,-1.06525247007218,1.79831183734146,1.6988803681719,1.24865337198504,-1.9931880969258,-1.99171170018602,35.7203743182122,1.43521058312483,1.43521058312483,1.43521058312483,1.43521058312483,1.43521058312483,1.43521058312483,1.43521058312483,1.43521058312483,1.43521058312483,1.43521058312483,1.43521058312483,1.43521058312483,1.43521058312483,1.43521058312483,1.43521058312483,1.43521058312483,1.43521058312483,1.43521058312483,1.43521058312483,1.43521058312483,1.43521058312483,1.43521058312483,1.43521058312483,0,0,0,0,0,0,0,0,0,0,0,0,0,0,0,0,0,0,0,0,0,0,0,0,0,0,0,0,0,0,0,0,0,0
0,0,0,0,0,0,0,0,0,0,0,0,0,0,0,0,0,0,0,0,0,0,0,0,0,0,0,0,0,0,0,0,0,1.01877797393189,-1.14107283226222,1.26133896653504,-1.06525247007218,1.79831183734146,1.6988803681719,1.24865337198504,-1.9931880969258,-1.99171170018602,1.43521058312483,35.7980034350776,-1.39416461025662,-1.39416461025662,-1.39416461025662,-1.39416461025662,-1.39416461025662,-1.39416461025662,-1.39416461025662,-1.39416461025662,-1.39416461025662,-1.39416461025662,-1.39416461025662,-1.39416461025662,-1.39416461025662,-1.39416461025662,-1.39416461025662,-1.39416461025662,-1.39416461025662,-1.39416461025662,-1.39416461025662,-1.39416461025662,-1.39416461025662,-1.39416461025662,0,0,0,0,0,0,0,0,0,0,0,0,0,0,0,0,0,0,0,0,0,0,0,0,0,0,0,0,0,0,0,0,0,0
0,0,0,0,0,0,0,0,0,0,0,0,0,0,0,0,0,0,0,0,0,0,0,0,0,0,0,0,0,0,0,0,0,1.01877797393189,-1.14107283226222,1.26133896653504,-1.06525247007218,1.79831183734146,1.6988803681719,1.24865337198504,-1.9931880969258,-1.99171170018602,1.43521058312483,-1.39416461025662,35.8917350545099,1.80628108304081,1.80628108304081,1.80628108304081,1.80628108304081,1.80628108304081,1.80628108304081,1.80628108304081,1.80628108304081,1.80628108304081,1.80628108304081,1.80628108304081,1.80628108304081,1.80628108304081,1.80628108304081,1.80628108304081,1.80628108304081,1.80628108304081,1.80628108304081,1.80628108304081,1.80628108304081,1.80628108304081,0,0,0,0,0,0,0,0,0,0,0,0,0,0,0,0,0,0,0,0,0,0,0,0,0,0,0,0,0,0,0,0,0,0
0,0,0,0,0,0,0,0,0,0,0,0,0,0,0,0,0,0,0,0,0,0,0,0,0,0,0,0,0,0,0,0,0,1.01877797393189,-1.14107283226222,1.26133896653504,-1.06525247007218,1.79831183734146,1.6988803681719,1.24865337198504,-1.9931880969258,-1.99171170018602,1.43521058312483,-1.39416461025662,1.80628108304081,36.4746828849763,-1.78549541485073,-1.78549541485073,-1.78549541485073,-1.78549541485073,-1.78549541485073,-1.78549541485073,-1.78549541485073,-1.78549541485073,-1.78549541485073,-1.78549541485073,-1.78549541485073,-1.78549541485073,-1.78549541485073,-1.78549541485073,-1.78549541485073,-1.78549541485073,-1.78549541485073,-1.78549541485073,-1.78549541485073,-1.78549541485073,0,0,0,0,0,0,0,0,0,0,0,0,0,0,0,0,0,0,0,0,0,0,0,0,0,0,0,0,0,0,0,0,0,0
0,0,0,0,0,0,0,0,0,0,0,0,0,0,0,0,0,0,0,0,0,0,0,0,0,0,0,0,0,0,0,0,0,1.01877797393189,-1.14107283226222,1.26133896653504,-1.06525247007218,1.79831183734146,1.6988803681719,1.24865337198504,-1.9931880969258,-1.99171170018602,1.43521058312483,-1.39416461025662,1.80628108304081,-1.78549541485073,35.7888643200887,1.81730331651148,1.81730331651148,1.81730331651148,1.81730331651148,1.81730331651148,1.81730331651148,1.81730331651148,1.81730331651148,1.81730331651148,1.81730331651148,1.81730331651148,1.81730331651148,1.81730331651148,1.81730331651148,1.81730331651148,1.81730331651148,1.81730331651148,1.81730331651148,1.81730331651148,0,0,0,0,0,0,0,0,0,0,0,0,0,0,0,0,0,0,0,0,0,0,0,0,0,0,0,0,0,0,0,0,0,0
0,0,0,0,0,0,0,0,0,0,0,0,0,0,0,0,0,0,0,0,0,0,0,0,0,0,0,0,0,0,0,0,0,1.01877797393189,-1.14107283226222,1.26133896653504,-1.06525247007218,1.79831183734146,1.6988803681719,1.24865337198504,-1.9931880969258,-1.99171170018602,1.43521058312483,-1.39416461025662,1.80628108304081,-1.78549541485073,1.81730331651148,35.6445410304244,1.2277798503767,1.2277798503767,1.2277798503767,1.2277798503767,1.2277798503767,1.2277798503767,1.2277798503767,1.2277798503767,1.2277798503767,1.2277798503767,1.2277798503767,1.2277798503767,1.2277798503767,1.2277798503767,1.2277798503767,1.2277798503767,1.2277798503767,1.2277798503767,0,0,0,0,0,0,0,0,0,0,0,0,0,0,0,0,0,0,0,0,0,0,0,0,0,0,0,0,0,0,0,0,0,0
0,0,0,0,0,0,0,0,0,0,0,0,0,0,0,0,0,0,0,0,0,0,0,0,0,0,0,0,0,0,0,0,0,1.01877797393189,-1.14107283226222,1.26133896653504,-1.06525247007218,1.79831183734146,1.6988803681719,1.24865337198504,-1.9931880969258,-1.99171170018602,1.43521058312483,-1.39416461025662,1.80628108304081,-1.78549541485073,1.81730331651148,1.2277798503767,36.7710413932578,-1.83236336468103,-1.83236336468103,-1.83236336468103,-1.83236336468103,-1.83236336468103,-1.83236336468103,-1.83236336468103,-1.83236336468103,-1.83236336468103,-1.83236336468103,-1.83236336468103,-1.83236336468103,-1.83236336468103,-1.83236336468103,-1.83236336468103,-1.83236336468103,-1.83236336468103,0,0,0,0,0,0,0,0,0,0,0,0,0,0,0,0,0,0,0,0,0,0,0,0,0,0,0,0,0,0,0,0,0,0
0,0,0,0,0,0,0,0,0,0,0,0,0,0,0,0,0,0,0,0,0,0,0,0,0,0,0,0,0,0,0,0,0,1.01877797393189,-1.14107283226222,1.26133896653504,-1.06525247007218,1.79831183734146,1.6988803681719,1.24865337198504,-1.9931880969258,-1.99171170018602,1.43521058312483,-1.39416461025662,1.80628108304081,-1.78549541485073,1.81730331651148,1.2277798503767,-1.83236336468103,36.4945105840667,1.71098831511362,1.71098831511362,1.71098831511362,1.71098831511362,1.71098831511362,1.71098831511362,1.71098831511362,1.71098831511362,1.71098831511362,1.71098831511362,1.71098831511362,1.71098831511362,1.71098831511362,1.71098831511362,1.71098831511362,1.71098831511362,0,0,0,0,0,0,0,0,0,0,0,0,0,0,0,0,0,0,0,0,0,0,0,0,0,0,0,0,0,0,0,0,0,0
0,0,0,0,0,0,0,0,0,0,0,0,0,0,0,0,0,0,0,0,0,0,0,0,0,0,0,0,0,0,0,0,0,1.01877797393189,-1.14107283226222,1.26133896653504,-1.06525247007218,1.79831183734146,1.6988803681719,1.24865337198504,-1.9931880969258,-1.99171170018602,1.43521058312483,-1.39416461025662,1.80628108304081,-1.78549541485073,1.81730331651148,1.2277798503767,-1.83236336468103,1.71098831511362,36.8385372177017,-1.40311990468176,-1.40311990468176,-1.40311990468176,-1.40311990468176,-1.40311990468176,-1.40311990468176,-1.40311990468176,-1.40311990468176,-1.40311990468176,-1.40311990468176,-1.40311990468176,-1.40311990468176,-1.40311990468176,-1.40311990468176,-1.40311990468176,0,0,0,0,0,0,0,0,0,0,0,0,0,0,0,0,0,0,0,0,0,0,0,0,0,0,0,0,0,0,0,0,0,0
0,0,0,0,0,0,0,0,0,0,0,0,0,0,0,0,0,0,0,0,0,0,0,0,0,0,0,0,0,0,0,0,0,1.01877797393189,-1.14107283226222,1.26133896653504,-1.06525247007218,1.79831183734146,1.6988803681719,1.24865337198504,-1.9931880969258,-1.99171170018602,1.43521058312483,-1.39416461025662,1.80628108304081,-1.78549541485073,1.81730331651148,1.2277798503767,-1.83236336468103,1.71098831511362,-1.40311990468176,37.1356557138729,-1.69205468996779,-1.69205468996779,-1.69205468996779,-1.69205468996779,-1.69205468996779,-1.69205468996779,-1.69205468996779,-1.69205468996779,-1.69205468996779,-1.69205468996779,-1.69205468996779,-1.69205468996779,-1.69205468996779,-1.69205468996779,0,0,0,0,0,0,0,0,0,0,0,0,0,0,0,0,0,0,0,0,0,0,0,0,0,0,0,0,0,0,0,0,0,0
0,0,0,0,0,0,0,0,0,0,0,0,0,0,0,0,0,0,0,0,0,0,0,0,0,0,0,0,0,0,0,0,0,1.01877797393189,-1.14107283226222,1.26133896653504,-1.06525247007218,1.79831183734146,1.6988803681719,1.24865337198504,-1.9931880969258,-1.99171170018602,1.43521058312483,-1.39416461025662,1.80628108304081,-1.78549541485073,1.81730331651148,1.2277798503767,-1.83236336468103,1.71098831511362,-1.40311990468176,-1.69205468996779,35.595567922195,1.55825773968189,1.55825773968189,1.55825773968189,1.55825773968189,1.55825773968189,1.55825773968189,1.55825773968189,1.55825773968189,1.55825773968189,1.55825773968189,1.55825773968189,1.55825773968189,1.55825773968189,0,0,0,0,0,0,0,0,0,0,0,0,0,0,0,0,0,0,0,0,0,0,0,0,0,0,0,0,0,0,0,0,0,0
0,0,0,0,0,0,0,0,0,0,0,0,0,0,0,0,0,0,0,0,0,0,0,0,0,0,0,0,0,0,0,0,0,1.01877797393189,-1.14107283226222,1.26133896653504,-1.06525247007218,1.79831183734146,1.6988803681719,1.24865337198504,-1.9931880969258,-1.99171170018602,1.43521058312483,-1.39416461025662,1.80628108304081,-1.78549541485073,1.81730331651148,1.2277798503767,-1.83236336468103,1.71098831511362,-1.40311990468176,-1.69205468996779,1.55825773968189,36.7202737540516,1.39253248220874,1.39253248220874,1.39253248220874,1.39253248220874,1.39253248220874,1.39253248220874,1.39253248220874,1.39253248220874,1.39253248220874,1.39253248220874,1.39253248220874,1.39253248220874,0,0,0,0,0,0,0,0,0,0,0,0,0,0,0,0,0,0,0,0,0,0,0,0,0,0,0,0,0,0,0,0,0,0
0,0,0,0,0,0,0,0,0,0,0,0,0,0,0,0,0,0,0,0,0,0,0,0,0,0,0,0,0,0,0,0,0,1.01877797393189,-1.14107283226222,1.26133896653504,-1.06525247007218,1.79831183734146,1.6988803681719,1.24865337198504,-1.9931880969258,-1.99171170018602,1.43521058312483,-1.39416461025662,1.80628108304081,-1.78549541485073,1.81730331651148,1.2277798503767,-1.83236336468103,1.71098831511362,-1.40311990468176,-1.69205468996779,1.55825773968189,1.39253248220874,37.1122587054529,-1.12263453567862,-1.12263453567862,-1.12263453567862,-1.12263453567862,-1.12263453567862,-1.12263453567862,-1.12263453567862,-1.12263453567862,-1.12263453567862,-1.12263453567862,-1.12263453567862,0,0,0,0,0,0,0,0,0,0,0,0,0,0,0,0,0,0,0,0,0,0,0,0,0,0,0,0,0,0,0,0,0,0
0,0,0,0,0,0,0,0,0,0,0,0,0,0,0,0,0,0,0,0,0,0,0,0,0,0,0,0,0,0,0,0,0,1.01877797393189,-1.14107283226222,1.26133896653504,-1.06525247007218,1.79831183734146,1.6988803681719,1.24865337198504,-1.9931880969258,-1.99171170018602,1.43521058312483,-1.39416461025662,1.80628108304081,-1.78549541485073,1.81730331651148,1.2277798503767,-1.83236336468103,1.71098831511362,-1.40311990468176,-1.69205468996779,1.55825773968189,1.39253248220874,-1.12263453567862,35.6734446179325,1.29158062167321,1.29158062167321,1.29158062167321,1.29158062167321,1.29158062167321,1.29158062167321,1.29158062167321,1.29158062167321,1.29158062167321,1.29158062167321,0,0,0,0,0,0,0,0,0,0,0,0,0,0,0,0,0,0,0,0,0,0,0,0,0,0,0,0,0,0,0,0,0,0
0,0,0,0,0,0,0,0,0,0,0,0,0,0,0,0,0,0,0,0,0,0,0,0,0,0,0,0,0,0,0,0,0,1.01877797393189,-1.14107283226222,1.26133896653504,-1.06525247007218,1.79831183734146,1.6988803681719,1.24865337198504,-1.9931880969258,-1.99171170018602,1.43521058312483,-1.39416461025662,1.80628108304081,-1.78549541485073,1.81730331651148,1.2277798503767,-1.83236336468103,1.71098831511362,-1.40311990468176,-1.69205468996779,1.55825773968189,1.39253248220874,-1.12263453567862,1.29158062167321,37.0508170390864,-1.2637629253101,-1.2637629253101,-1.2637629253101,-1.2637629253101,-1.2637629253101,-1.2637629253101,-1.2637629253101,-1.2637629253101,-1.2637629253101,0,0,0,0,0,0,0,0,0,0,0,0,0,0,0,0,0,0,0,0,0,0,0,0,0,0,0,0,0,0,0,0,0,0
0,0,0,0,0,0,0,0,0,0,0,0,0,0,0,0,0,0,0,0,0,0,0,0,0,0,0,0,0,0,0,0,0,1.01877797393189,-1.14107283226222,1.26133896653504,-1.06525247007218,1.79831183734146,1.6988803681719,1.24865337198504,-1.9931880969258,-1.99171170018602,1.43521058312483,-1.39416461025662,1.80628108304081,-1.78549541485073,1.81730331651148,1.2277798503767,-1.83236336468103,1.71098831511362,-1.40311990468176,-1.69205468996779,1.55825773968189,1.39253248220874,-1.12263453567862,1.29158062167321,-1.2637629253101,36.0070161458577,1.58321776171223,1.58321776171223,1.58321776171223,1.58321776171223,1.58321776171223,1.58321776171223,1.58321776171223,1.58321776171223,0,0,0,0,0,0,0,0,0,0,0,0,0,0,0,0,0,0,0,0,0,0,0,0,0,0,0,0,0,0,0,0,0,0
0,0,0,0,0,0,0,0,0,0,0,0,0,0,0,0,0,0,0,0,0,0,0,0,0,0,0,0,0,0,0,0,0,1.01877797393189,-1.14107283226222,1.26133896653504,-1.06525247007218,1.79831183734146,1.6988803681719,1.24865337198504,-1.9931880969258,-1.99171170018602,1.43521058312483,-1.39416461025662,1.80628108304081,-1.78549541485073,1.81730331651148,1.2277798503767,-1.83236336468103,1.71098831511362,-1.40311990468176,-1.69205468996779,1.55825773968189,1.39253248220874,-1.12263453567862,1.29158062167321,-1.2637629253101,1.58321776171223,35.6725003938572,-1.63047211582407,-1.63047211582407,-1.63047211582407,-1.63047211582407,-1.63047211582407,-1.63047211582407,-1.63047211582407,0,0,0,0,0,0,0,0,0,0,0,0,0,0,0,0,0,0,0,0,0,0,0,0,0,0,0,0,0,0,0,0,0,0
0,0,0,0,0,0,0,0,0,0,0,0,0,0,0,0,0,0,0,0,0,0,0,0,0,0,0,0,0,0,0,0,0,1.01877797393189,-1.14107283226222,1.26133896653504,-1.06525247007218,1.79831183734146,1.6988803681719,1.24865337198504,-1.9931880969258,-1.99171170018602,1.43521058312483,-1.39416461025662,1.80628108304081,-1.78549541485073,1.81730331651148,1.2277798503767,-1.83236336468103,1.71098831511362,-1.40311990468176,-1.69205468996779,1.55825773968189,1.39253248220874,-1.12263453567862,1.29158062167321,-1.2637629253101,1.58321776171223,-1.63047211582407,35.8395906180816,-1.165996987593,-1.165996987593,-1.165996987593,-1.165996987593,-1.165996987593,-1.165996987593,0,0,0,0,0,0,0,0,0,0,0,0,0,0,0,0,0,0,0,0,0,0,0,0,0,0,0,0,0,0,0,0,0,0
0,0,0,0,0,0,0,0,0,0,0,0,0,0,0,0,0,0,0,0,0,0,0,0,0,0,0,0,0,0,0,0,0,1.01877797393189,-1.14107283226222,1.26133896653504,-1.06525247007218,1.79831183734146,1.6988803681719,1.24865337198504,-1.9931880969258,-1.99171170018602,1.43521058312483,-1.39416461025662,1.80628108304081,-1.78549541485073,1.81730331651148,1.2277798503767,-1.83236336468103,1.71098831511362,-1.40311990468176,-1.69205468996779,1.55825773968189,1.39253248220874,-1.12263453567862,1.29158062167321,-1.2637629253101,1.58321776171223,-1.63047211582407,-1.165996987593,36.4930575753268,-1.8377480507513,-1.8377480507513,-1.8377480507513,-1.8377480507513,-1.8377480507513,0,0,0,0,0,0,0,0,0,0,0,0,0,0,0,0,0,0,0,0,0,0,0,0,0,0,0,0,0,0,0,0,0,0
0,0,0,0,0,0,0,0,0,0,0,0,0,0,0,0,0,0,0,0,0,0,0,0,0,0,0,0,0,0,0,0,0,1.01877797393189,-1.14107283226222,1.26133896653504,-1.06525247007218,1.79831183734146,1.6988803681719,1.24865337198504,-1.9931880969258,-1.99171170018602,1.43521058312483,-1.39416461025662,1.80628108304081,-1.78549541485073,1.81730331651148,1.2277798503767,-1.83236336468103,1.71098831511362,-1.40311990468176,-1.69205468996779,1.55825773968189,1.39253248220874,-1.12263453567862,1.29158062167321,-1.2637629253101,1.58321776171223,-1.63047211582407,-1.165996987593,-1.8377480507513,35.2805328055219,1.18303981289294,1.18303981289294,1.18303981289294,1.18303981289294,0,0,0,0,0,0,0,0,0,0,0,0,0,0,0,0,0,0,0,0,0,0,0,0,0,0,0,0,0,0,0,0,0,0
0,0,0,0,0,0,0,0,0,0,0,0,0,0,0,0,0,0,0,0,0,0,0,0,0,0,0,0,0,0,0,0,0,1.01877797393189,-1.14107283226222,1.26133896653504,-1.06525247007218,1.79831183734146,1.6988803681719,1.24865337198504,-1.9931880969258,-1.99171170018602,1.43521058312483,-1.39416461025662,1.80628108304081,-1.78549541485073,1.81730331651148,1.2277798503767,-1.83236336468103,1.71098831511362,-1.40311990468176,-1.69205468996779,1.55825773968189,1.39253248220874,-1.12263453567862,1.29158062167321,-1.2637629253101,1.58321776171223,-1.63047211582407,-1.165996987593,-1.8377480507513,1.18303981289294,35.7889559633929,1.21488427440992,1.21488427440992,1.21488427440992,0,0,0,0,0,0,0,0,0,0,0,0,0,0,0,0,0,0,0,0,0,0,0,0,0,0,0,0,0,0,0,0,0,0
0,0,0,0,0,0,0,0,0,0,0,0,0,0,0,0,0,0,0,0,0,0,0,0,0,0,0,0,0,0,0,0,0,1.01877797393189,-1.14107283226222,1.26133896653504,-1.06525247007218,1.79831183734146,1.6988803681719,1.24865337198504,-1.9931880969258,-1.99171170018602,1.43521058312483,-1.39416461025662,1.80628108304081,-1.78549541485073,1.81730331651148,1.2277798503767,-1.83236336468103,1.71098831511362,-1.40311990468176,-1.69205468996779,1.55825773968189,1.39253248220874,-1.12263453567862,1.29158062167321,-1.2637629253101,1.58321776171223,-1.63047211582407,-1.165996987593,-1.8377480507513,1.18303981289294,1.21488427440992,36.5763851598317,-1.82888333413149,-1.82888333413149,0,0,0,0,0,0,0,0,0,0,0,0,0,0,0,0,0,0,0,0,0,0,0,0,0,0,0,0,0,0,0,0,0,0
0,0,0,0,0,0,0,0,0,0,0,0,0,0,0,0,0,0,0,0,0,0,0,0,0,0,0,0,0,0,0,0,0,1.01877797393189,-1.14107283226222,1.26133896653504,-1.06525247007218,1.79831183734146,1.6988803681719,1.24865337198504,-1.9931880969258,-1.99171170018602,1.43521058312483,-1.39416461025662,1.80628108304081,-1.78549541485073,1.81730331651148,1.2277798503767,-1.83236336468103,1.71098831511362,-1.40311990468176,-1.69205468996779,1.55825773968189,1.39253248220874,-1.12263453567862,1.29158062167321,-1.2637629253101,1.58321776171223,-1.63047211582407,-1.165996987593,-1.8377480507513,1.18303981289294,1.21488427440992,-1.82888333413149,35.3761124264432,1.4987934333744,0,0,0,0,0,0,0,0,0,0,0,0,0,0,0,0,0,0,0,0,0,0,0,0,0,0,0,0,0,0,0,0,0,0
0,0,0,0,0,0,0,0,0,0,0,0,0,0,0,0,0,0,0,0,0,0,0,0,0,0,0,0,0,0,0,0,0,1.01877797393189,-1.14107283226222,1.26133896653504,-1.06525247007218,1.79831183734146,1.6988803681719,1.24865337198504,-1.9931880969258,-1.99171170018602,1.43521058312483,-1.39416461025662,1.80628108304081,-1.78549541485073,1.81730331651148,1.2277798503767,-1.83236336468103,1.71098831511362,-1.40311990468176,-1.69205468996779,1.55825773968189,1.39253248220874,-1.12263453567862,1.29158062167321,-1.2637629253101,1.58321776171223,-1.63047211582407,-1.165996987593,-1.8377480507513,1.18303981289294,1.21488427440992,-1.82888333413149,1.4987934333744,35.5854586453066,0,0,0,0,0,0,0,0,0,0,0,0,0,0,0,0,0,0,0,0,0,0,0,0,0,0,0,0,0,0,0,0,0,0
0,0,0,0,0,0,0,0,0,0,0,0,0,0,0,0,0,0,0,0,0,0,0,0,0,0,0,0,0,0,0,0,0,0,0,0,0,0,0,0,0,0,0,0,0,0,0,0,0,0,0,0,0,0,0,0,0,0,0,0,0,0,0,0,0,0,36.0978087976721,-1.64486404245318,-1.64486404245318,-1.64486404245318,-1.64486404245318,-1.64486404245318,-1.64486404245318,-1.64486404245318,-1.64486404245318,-1.64486404245318,-1.64486404245318,-1.64486404245318,-1.64486404245318,-1.64486404245318,-1.64486404245318,-1.64486404245318,-1.64486404245318,-1.64486404245318,-1.64486404245318,-1.64486404245318,-1.64486404245318,-1.64486404245318,-1.64486404245318,-1.64486404245318,-1.64486404245318,-1.64486404245318,-1.64486404245318,-1.64486404245318,-1.64486404245318,-1.64486404245318,-1.64486404245318,-1.64486404245318,-1.64486404245318,-1.64486404245318
0,0,0,0,0,0,0,0,0,0,0,0,0,0,0,0,0,0,0,0,0,0,0,0,0,0,0,0,0,0,0,0,0,0,0,0,0,0,0,0,0,0,0,0,0,0,0,0,0,0,0,0,0,0,0,0,0,0,0,0,0,0,0,0,0,0,-1.64486404245318,35.8118555708209,-1.48673353914625,-1.48673353914625,-1.48673353914625,-1.48673353914625,-1.48673353914625,-1.48673353914625,-1.48673353914625,-1.48673353914625,-1.48673353914625,-1.48673353914625,-1.48673353914625,-1.48673353914625,-1.48673353914625,-1.48673353914625,-1.48673353914625,-1.48673353914625,-1.48673353914625,-1.48673353914625,-1.48673353914625,-1.48673353914625,-1.48673353914625,-1.48673353914625,-1.48673353914625,-1.48673353914625,-1.48673353914625,-1.48673353914625,-1.48673353914625,-1.48673353914625,-1.48673353914625,-1.48673353914625,-1.48673353914625,-1.48673353914625
0,0,0,0,0,0,0,0,0,0,0,0,0,0,0,0,0,0,0,0,0,0,0,0,0,0,0,0,0,0,0,0,0,0,0,0,0,0,0,0,0,0,0,0,0,0,0,0,0,0,0,0,0,0,0,0,0,0,0,0,0,0,0,0,0,0,-1.64486404245318,-1.48673353914625,37.1237370521801,-1.33847560850462,-1.33847560850462,-1.33847560850462,-1.33847560850462,-1.33847560850462,-1.33847560850462,-1.33847560850462,-1.33847560850462,-1.33847560850462,-1.33847560850462,-1.33847560850462,-1.33847560850462,-1.33847560850462,-1.33847560850462,-1.33847560850462,-1.33847560850462,-1.33847560850462,-1.33847560850462,-1.33847560850462,-1.33847560850462,-1.33847560850462,-1.33847560850462,-1.33847560850462,-1.33847560850462,-1.33847560850462,-1.33847560850462,-1.33847560850462,-1.33847560850462,-1.33847560850462,-1.33847560850462,-1.33847560850462
0,0,0,0,0,0,0,0,0,0,0,0,0,0,0,0,0,0,0,0,0,0,0,0,0,0,0,0,0,0,0,0,0,0,0,0,0,0,0,0,0,0,0,0,0,0,0,0,0,0,0,0,0,0,0,0,0,0,0,0,0,0,0,0,0,0,-1.64486404245318,-1.48673353914625,-1.33847560850462,36.9622045177137,-1.50206084845606,-1.50206084845606,-1.50206084845606,-1.50206084845606,-1.50206084845606,-1.50206084845606,-1.50206084845606,-1.50206084845606,-1.50206084845606,-1.50206084845606,-1.50206084845606,-1.50206084845606,-1.50206084845606,-1.50206084845606,-1.50206084845606,-1.50206084845606,-1.50206084845606,-1.50206084845606,-1.50206084845606,-1.50206084845606,-1.50206084845606,-1.50206084845606,-1.50206084845606,-1.50206084845606,-1.50206084845606,-1.50206084845606,-1.50206084845606,-1.50206084845606,-1.50206084845606,-1.50206084845606
0,0,0,0,0,0,0,0,0,0,0,0,0,0,0,0,0,0,0,0,0,0,0,0,0,0,0,0,0,0,0,0,0,0,0,0,0,0,0,0,0,0,0,0,0,0,0,0,0,0,0,0,0,0,0,0,0,0,0,0,0,0,0,0,0,0,-1.64486404245318,-1.48673353914625,-1.33847560850462,-1.50206084845606,36.9479417450961,-1.94421040006941,-1.94421040006941,-1.94421040006941,-1.94421040006941,-1.94421040006941,-1.94421040006941,-1.94421040006941,-1.94421040006941,-1.94421040006941,-1.94421040006941,-1.94421040006941,-1.94421040006941,-1.94421040006941,-1.94421040006941,-1.94421040006941,-1.94421040006941,-1.94421040006941,-1.94421040006941,-1.94421040006941,-1.94421040006941,-1.94421040006941,-1.94421040006941,-1.94421040006941,-1.94421040006941,-1.94421040006941,-1.94421040006941,-1.94421040006941,-1.94421040006941,-1.94421040006941
0,0,0,0,0,0,0,0,0,0,0,0,0,0,0,0,0,0,0,0,0,0,0,0,0,0,0,0,0,0,0,0,0,0,0,0,0,0,0,0,0,0,0,0,0,0,0,0,0,0,0,0,0,0,0,0,0,0,0,0,0,0,0,0,0,0,-1.64486404245318,-1.48673353914625,-1.33847560850462,-1.50206084845606,-1.94421040006941,35.8288588298453,1.99613887708264,1.99613887708264,1.99613887708264,1.99613887708264,1.99613887708264,1.99613887708264,1.99613887708264,1.99613887708264,1.99613887708264,1.99613887708264,1.99613887708264,1.99613887708264,1.99613887708264,1.99613887708264,1.99613887708264,1.99613887708264,1.99613887708264,1.99613887708264,1.99613887708264,1.99613887708264,1.99613887708264,1.99613887708264,1.99613887708264,1.99613887708264,1.99613887708264,1.99613887708264,1.99613887708264,1.99613887708264
0,0,0,0,0,0,0,0,0,0,0,0,0,0,0,0,0,0,0,0,0,0,0,0,0,0,0,0,0,0,0,0,0,0,0,0,0,0,0,0,0,0,0,0,0,0,0,0,0,0,0,0,0,0,0,0,0,0,0,0,0,0,0,0,0,0,-1.64486404245318,-1.48673353914625,-1.33847560850462,-1.50206084845606,-1.94421040006941,1.99613887708264,36.2408034929944,1.8649458590965,1.8649458590965,1.8649458590965,1.8649458590965,1.8649458590965,1.8649458590965,1.8649458590965,1.8649458590965,1.8649458590965,1.8649458590965,1.8649458590965,1.8649458590965,1.8649458590965,1.8649458590965,1.8649458590965,1.8649458590965,1.8649458590965,1.8649458590965,1.8649458590965,1.8649458590965,1.8649458590965,1.8649458590965,1.8649458590965,1.8649458590965,1.8649458590965,1.8649458590965,1.8649458590965
0,0,0,0,0,0,0,0,0,0,0,0,0,0,0,0,0,0,0,0,0,0,0,0,0,0,0,0,0,0,0,0,0,0,0,0,0,0,0,0,0,0,0,0,0,0,0,0,0,0,0,0,0,0,0,0,0,0,0,0,0,0,0,0,0,0,-1.64486404245318,-1.48673353914625,-1.33847560850462,-1.50206084845606,-1.94421040006941,1.99613887708264,1.8649458590965,35.4445455282325,1.93768971419305,1.93768971419305,1.93768971419305,1.93768971419305,1.93768971419305,1.93768971419305,1.93768971419305,1.93768971419305,1.93768971419305,1.93768971419305,1.93768971419305,1.93768971419305,1.93768971419305,1.93768971419305,1.93768971419305,1.93768971419305,1.93768971419305,1.93768971419305,1.93768971419305,1.93768971419305,1.93768971419305,1.93768971419305,1.93768971419305,1.93768971419305,1.93768971419305,1.93768971419305
0,0,0,0,0,0,0,0,0,0,0,0,0,0,0,0,0,0,0,0,0,0,0,0,0,0,0,0,0,0,0,0,0,0,0,0,0,0,0,0,0,0,0,0,0,0,0,0,0,0,0,0,0,0,0,0,0,0,0,0,0,0,0,0,0,0,-1.64486404245318,-1.48673353914625,-1.33847560850462,-1.50206084845606,-1.94421040006941,1.99613887708264,1.8649458590965,1.93768971419305,36.7009255453401,1.66426355098953,1.66426355098953,1.66426355098953,1.66426355098953,1.66426355098953,1.66426355098953,1.66426355098953,1.66426355098953,1.66426355098953,1.66426355098953,1.66426355098953,1.66426355098953,1.66426355098953,1.66426355098953,1.66426355098953,1.66426355098953,1.66426355098953,1.66426355098953,1.66426355098953,1.66426355098953,1.66426355098953,1.66426355098953,1.66426355098953,1.66426355098953,1.66426355098953
0,0,0,0,0,0,0,0,0,0,0,0,0,0,0,0,0,0,0,0,0,0,0,0,0,0,0,0,0,0,0,0,0,0,0,0,0,0,0,0,0,0,0,0,0,0,0,0,0,0,0,0,0,0,0,0,0,0,0,0,0,0,0,0,0,0,-1.64486404245318,-1.48673353914625,-1.33847560850462,-1.50206084845606,-1.94421040006941,1.99613887708264,1.8649458590965,1.93768971419305,1.66426355098953,35.4765977621645,1.29948708584668,1.29948708584668,1.29948708584668,1.29948708584668,1.29948708584668,1.29948708584668,1.29948708584668,1.29948708584668,1.29948708584668,1.29948708584668,1.29948708584668,1.29948708584668,1.29948708584668,1.29948708584668,1.29948708584668,1.29948708584668,1.29948708584668,1.29948708584668,1.29948708584668,1.29948708584668,1.29948708584668,1.29948708584668,1.29948708584668,1.29948708584668
0,0,0,0,0,0,0,0,0,0,0,0,0,0,0,0,0,0,0,0,0,0,0,0,0,0,0,0,0,0,0,0,0,0,0,0,0,0,0,0,0,0,0,0,0,0,0,0,0,0,0,0,0,0,0,0,0,0,0,0,0,0,0,0,0,0,-1.64486404245318,-1.48673353914625,-1.33847560850462,-1.50206084845606,-1.94421040006941,1.99613887708264,1.8649458590965,1.93768971419305,1.66426355098953,1.29948708584668,35.5799782766937,1.2797533323555,1.2797533323555,1.2797533323555,1.2797533323555,1.2797533323555,1.2797533323555,1.2797533323555,1.2797533323555,1.2797533323555,1.2797533323555,1.2797533323555,1.2797533323555,1.2797533323555,1.2797533323555,1.2797533323555,1.2797533323555,1.2797533323555,1.2797533323555,1.2797533323555,1.2797533323555,1.2797533323555,1.2797533323555,1.2797533323555
0,0,0,0,0,0,0,0,0,0,0,0,0,0,0,0,0,0,0,0,0,0,0,0,0,0,0,0,0,0,0,0,0,0,0,0,0,0,0,0,0,0,0,0,0,0,0,0,0,0,0,0,0,0,0,0,0,0,0,0,0,0,0,0,0,0,-1.64486404245318,-1.48673353914625,-1.33847560850462,-1.50206084845606,-1.94421040006941,1.99613887708264,1.8649458590965,1.93768971419305,1.66426355098953,1.29948708584668,1.2797533323555,35.2433705942854,-1.47568232140423,-1.47568232140423,-1.47568232140423,-1.47568232140423,-1.47568232140423,-1.47568232140423,-1.47568232140423,-1.47568232140423,-1.47568232140423,-1.47568232140423,-1.47568232140423,-1.47568232140423,-1.47568232140423,-1.47568232140423,-1.47568232140423,-1.47568232140423,-1.47568232140423,-1.47568232140423,-1.47568232140423,-1.47568232140423,-1.47568232140423,-1.47568232140423
0,0,0,0,0,0,0,0,0,0,0,0,0,0,0,0,0,0,0,0,0,0,0,0,0,0,0,0,0,0,0,0,0,0,0,0,0,0,0,0,0,0,0,0,0,0,0,0,0,0,0,0,0,0,0,0,0,0,0,0,0,0,0,0,0,0,-1.64486404245318,-1.48673353914625,-1.33847560850462,-1.50206084845606,-1.94421040006941,1.99613887708264,1.8649458590965,1.93768971419305,1.66426355098953,1.29948708584668,1.2797533323555,-1.47568232140423,36.6737801039663,-1.01862401353445,-1.01862401353445,-1.01862401353445,-1.01862401353445,-1.01862401353445,-1.01862401353445,-1.01862401353445,-1.01862401353445,-1.01862401353445,-1.01862401353445,-1.01862401353445,-1.01862401353445,-1.01862401353445,-1.01862401353445,-1.01862401353445,-1.01862401353445,-1.01862401353445,-1.01862401353445,-1.01862401353445,-1.01862401353445,-1.01862401353445
0,0,0,0,0,0,0,0,0,0,0,0,0,0,0,0,0,0,0,0,0,0,0,0,0,0,0,0,0,0,0,0,0,0,0,0,0,0,0,0,0,0,0,0,0,0,0,0,0,0,0,0,0,0,0,0,0,0,0,0,0,0,0,0,0,0,-1.64486404245318,-1.48673353914625,-1.33847560850462,-1.50206084845606,-1.94421040006941,1.99613887708264,1.8649458590965,1.93768971419305,1.66426355098953,1.29948708584668,1.2797533323555,-1.47568232140423,-1.01862401353445,35.4672211985269,-1.0114893291879,-1.0114893291879,-1.0114893291879,-1.0114893291879,-1.0114893291879,-1.0114893291879,-1.0114893291879,-1.0114893291879,-1.0114893291879,-1.0114893291879,-1.0114893291879,-1.0114893291879,-1.0114893291879,-1.0114893291879,-1.0114893291879,-1.0114893291879,-1.0114893291879,-1.0114893291879,-1.0114893291879,-1.0114893291879
0,0,0,0,0,0,0,0,0,0,0,0,0,0,0,0,0,0,0,0,0,0,0,0,0,0,0,0,0,0,0,0,0,0,0,0,0,0,0,0,0,0,0,0,0,0,0,0,0,0,0,0,0,0,0,0,0,0,0,0,0,0,0,0,0,0,-1.64486404245318,-1.48673353914625,-1.33847560850462,-1.50206084845606,-1.94421040006941,1.99613887708264,1.8649458590965,1.93768971419305,1.66426355098953,1.29948708584668,1.2797533323555,-1.47568232140423,-1.01862401353445,-1.0114893291879,36.389289481614,1.53859804721152,1.53859804721152,1.53859804721152,1.53859804721152,1.53859804721152,1.53859804721152,1.53859804721152,1.53859804721152,1.53859804721152,1.53859804721152,1.53859804721152,1.53859804721152,1.53859804721152,1.53859804721152,1.53859804721152,1.53859804721152,1.53859804721152,1.53859804721152,1.53859804721152
0,0,0,0,0,0,0,0,0,0,0,0,0,0,0,0,0,0,0,0,0,0,0,0,0,0,0,0,0,0,0,0,0,0,0,0,0,0,0,0,0,0,0,0,0,0,0,0,0,0,0,0,0,0,0,0,0,0,0,0,0,0,0,0,0,0,-1.64486404245318,-1.48673353914625,-1.33847560850462,-1.50206084845606,-1.94421040006941,1.99613887708264,1.8649458590965,1.93768971419305,1.66426355098953,1.29948708584668,1.2797533323555,-1.47568232140423,-1.01862401353445,-1.0114893291879,1.53859804721152,36.7418461598726,-1.21435297478511,-1.21435297478511,-1.21435297478511,-1.21435297478511,-1.21435297478511,-1.21435297478511,-1.21435297478511,-1.21435297478511,-1.21435297478511,-1.21435297478511,-1.21435297478511,-1.21435297478511,-1.21435297478511,-1.21435297478511,-1.21435297478511,-1.21435297478511,-1.21435297478511,-1.21435297478511
0,0,0,0,0,0,0,0,0,0,0,0,0,0,0,0,0,0,0,0,0,0,0,0,0,0,0,0,0,0,0,0,0,0,0,0,0,0,0,0,0,0,0,0,0,0,0,0,0,0,0,0,0,0,0,0,0,0,0,0,0,0,0,0,0,0,-1.64486404245318,-1.48673353914625,-1.33847560850462,-1.50206084845606,-1.94421040006941,1.99613887708264,1.8649458590965,1.93768971419305,1.66426355098953,1.29948708584668,1.2797533323555,-1.47568232140423,-1.01862401353445,-1.0114893291879,1.53859804721152,-1.21435297478511,36.5453275670363,1.8644530386862,1.8644530386862,1.8644530386862,1.8644530386862,1.8644530386862,1.8644530386862,1.8644530386862,1.8644530386862,1.8644530386862,1.8644530386862,1.8644530386862,1.8644530386862,1.8644530386862,1.8644530386862,1.8644530386862,1.8644530386862,1.8644530386862
0,0,0,0,0,0,0,0,0,0,0,0,0,0,0,0,0,0,0,0,0,0,0,0,0,0,0,0,0,0,0,0,0,0,0,0,0,0,0,0,0,0,0,0,0,0,0,0,0,0,0,0,0,0,0,0,0,0,0,0,0,0,0,0,0,0,-1.64486404245318,-1.48673353914625,-1.33847560850462,-1.50206084845606,-1.94421040006941,1.99613887708264,1.8649458590965,1.93768971419305,1.66426355098953,1.29948708584668,1.2797533323555,-1.47568232140423,-1.01862401353445,-1.0114893291879,1.53859804721152,-1.21435297478511,1.8644530386862,37.107883808893,-1.08270572908208,-1.08270572908208,-1.08270572908208,-1.08270572908208,-1.08270572908208,-1.08270572908208,-1.08270572908208,-1.08270572908208,-1.08270572908208,-1.08270572908208,-1.08270572908208,-1.08270572908208,-1.08270572908208,-1.08270572908208,-1.08270572908208,-1.08270572908208
0,0,0,0,0,0,0,0,0,0,0,0,0,0,0,0,0,0,0,0,0,0,0,0,0,0,0,0,0,0,0,0,0,0,0,0,0,0,0,0,0,0,0,0,0,0,0,0,0,0,0,0,0,0,0,0,0,0,0,0,0,0,0,0,0,0,-1.64486404245318,-1.48673353914625,-1.33847560850462,-1.50206084845606,-1.94421040006941,1.99613887708264,1.8649458590965,1.93768971419305,1.66426355098953,1.29948708584668,1.2797533323555,-1.47568232140423,-1.01862401353445,-1.0114893291879,1.53859804721152,-1.21435297478511,1.8644530386862,-1.08270572908208,36.3452286770489,1.83733813196178,1.83733813196178,1.83733813196178,1.83733813196178,1.83733813196178,1.83733813196178,1.83733813196178,1.83733813196178,1.83733813196178,1.83733813196178,1.83733813196178,1.83733813196178,1.83733813196178,1.83733813196178,1.83733813196178
0,0,0,0,0,0,0,0,0,0,0,0,0,0,0,0,0,0,0,0,0,0,0,0,0,0,0,0,0,0,0,0,0,0,0,0,0,0,0,0,0,0,0,0,0,0,0,0,0,0,0,0,0,0,0,0,0,0,0,0,0,0,0,0,0,0,-1.64486404245318,-1.48673353914625,-1.33847560850462,-1.50206084845606,-1.94421040006941,1.99613887708264,1.8649458590965,1.93768971419305,1.66426355098953,1.29948708584668,1.2797533323555,-1.47568232140423,-1.01862401353445,-1.0114893291879,1.53859804721152,-1.21435297478511,1.8644530386862,-1.08270572908208,1.83733813196178,36.5386215717486,1.14789284177539,1.14789284177539,1.14789284177539,1.14789284177539,1.14789284177539,1.14789284177539,1.14789284177539,1.14789284177539,1.14789284177539,1.14789284177539,1.14789284177539,1.14789284177539,1.14789284177539,1.14789284177539
0,0,0,0,0,0,0,0,0,0,0,0,0,0,0,0,0,0,0,0,0,0,0,0,0,0,0,0,0,0,0,0,0,0,0,0,0,0,0,0,0,0,0,0,0,0,0,0,0,0,0,0,0,0,0,0,0,0,0,0,0,0,0,0,0,0,-1.64486404245318,-1.48673353914625,-1.33847560850462,-1.50206084845606,-1.94421040006941,1.99613887708264,1.8649458590965,1.93768971419305,1.66426355098953,1.29948708584668,1.2797533323555,-1.47568232140423,-1.01862401353445,-1.0114893291879,1.53859804721152,-1.21435297478511,1.8644530386862,-1.08270572908208,1.83733813196178,1.14789284177539,36.7138027722259,-1.11757513714905,-1.11757513714905,-1.11757513714905,-1.11757513714905,-1.11757513714905,-1.11757513714905,-1.11757513714905,-1.11757513714905,-1.11757513714905,-1.11757513714905,-1.11757513714905,-1.11757513714905,-1.11757513714905
0,0,0,0,0,0,0,0,0,0,0,0,0,0,0,0,0,0,0,0,0,0,0,0,0,0,0,0,0,0,0,0,0,0,0,0,0,0,0,0,0,0,0,0,0,0,0,0,0,0,0,0,0,0,0,0,0,0,0,0,0,0,0,0,0,0,-1.64486404245318,-1.48673353914625,-1.33847560850462,-1.50206084845606,-1.94421040006941,1.99613887708264,1.8649458590965,1.93768971419305,1.66426355098953,1.29948708584668,1.2797533323555,-1.47568232140423,-1.01862401353445,-1.0114893291879,1.53859804721152,-1.21435297478511,1.8644530386862,-1.08270572908208,1.83733813196178,1.14789284177539,-1.11757513714905,36.2630798270246,1.65311870396484,1.65311870396484,1.65311870396484,1.65311870396484,1.65311870396484,1.65311870396484,1.65311870396484,1.65311870396484,1.65311870396484,1.65311870396484,1.65311870396484,1.65311870396484
0,0,0,0,0,0,0,0,0,0,0,0,0,0,0,0,0,0,0,0,0,0,0,0,0,0,0,0,0,0,0,0,0,0,0,0,0,0,0,0,0,0,0,0,0,0,0,0,0,0,0,0,0,0,0,0,0,0,0,0,0,0,0,0,0,0,-1.64486404245318,-1.48673353914625,-1.33847560850462,-1.50206084845606,-1.94421040006941,1.99613887708264,1.8649458590965,1.93768971419305,1.66426355098953,1.29948708584668,1.2797533323555,-1.47568232140423,-1.01862401353445,-1.0114893291879,1.53859804721152,-1.21435297478511,1.8644530386862,-1.08270572908208,1.83733813196178,1.14789284177539,-1.11757513714905,1.65311870396484,35.4745043069376,-1.72524927480547,-1.72524927480547,-1.72524927480547,-1.72524927480547,-1.72524927480547,-1.72524927480547,-1.72524927480547,-1.72524927480547,-1.72524927480547,-1.72524927480547,-1.72524927480547
0,0,0,0,0,0,0,0,0,0,0,0,0,0,0,0,0,0,0,0,0,0,0,0,0,0,0,0,0,0,0,0,0,0,0,0,0,0,0,0,0,0,0,0,0,0,0,0,0,0,0,0,0,0,0,0,0,0,0,0,0,0,0,0,0,0,-1.64486404245318,-1.48673353914625,-1.33847560850462,-1.50206084845606,-1.94421040006941,1.99613887708264,1.8649458590965,1.93768971419305,1.66426355098953,1.29948708584668,1.2797533323555,-1.47568232140423,-1.01862401353445,-1.0114893291879,1.53859804721152,-1.21435297478511,1.8644530386862,-1.08270572908208,1.83733813196178,1.14789284177539,-1.11757513714905,1.65311870396484,-1.72524927480547,35.1969287240002,-1.22344638839146,-1.22344638839146,-1.22344638839146,-1.22344638839146,-1.22344638839146,-1.22344638839146,-1.22344638839146,-1.22344638839146,-1.22344638839146,-1.22344638839146
0,0,0,0,0,0,0,0,0,0,0,0,0,0,0,0,0,0,0,0,0,0,0,0,0,0,0,0,0,0,0,0,0,0,0,0,0,0,0,0,0,0,0,0,0,0,0,0,0,0,0,0,0,0,0,0,0,0,0,0,0,0,0,0,0,0,-1.64486404245318,-1.48673353914625,-1.33847560850462,-1.50206084845606,-1.94421040006941,1.99613887708264,1.8649458590965,1.93768971419305,1.66426355098953,1.29948708584668,1.2797533323555,-1.47568232140423,-1.01862401353445,-1.0114893291879,1.53859804721152,-1.21435297478511,1.8644530386862,-1.08270572908208,1.83733813196178,1.14789284177539,-1.11757513714905,1.65311870396484,-1.72524927480547,-1.22344638839146,36.7278599685998,1.49381783142447,1.49381783142447,1.49381783142447,1.49381783142447,1.49381783142447,1.49381783142447,1.49381783142447,1.49381783142447,1.49381783142447
0,0,0,0,0,0,0,0,0,0,0,0,0,0,0,0,0,0,0,0,0,0,0,0,0,0,0,0,0,0,0,0,0,0,0,0,0,0,0,0,0,0,0,0,0,0,0,0,0,0,0,0,0,0,0,0,0,0,0,0,0,0,0,0,0,0,-1.64486404245318,-1.48673353914625,-1.33847560850462,-1.50206084845606,-1.94421040006941,1.99613887708264,1.8649458590965,1.93768971419305,1.66426355098953,1.29948708584668,1.2797533323555,-1.47568232140423,-1.01862401353445,-1.0114893291879,1.53859804721152,-1.21435297478511,1.8644530386862,-1.08270572908208,1.83733813196178,1.14789284177539,-1.11757513714905,1.65311870396484,-1.72524927480547,-1.22344638839146,1.49381783142447,36.1409700454649,-1.39912063405221,-1.39912063405221,-1.39912063405221,-1.39912063405221,-1.39912063405221,-1.39912063405221,-1.39912063405221,-1.39912063405221
0,0,0,0,0,0,0,0,0,0,0,0,0,0,0,0,0,0,0,0,0,0,0,0,0,0,0,0,0,0,0,0,0,0,0,0,0,0,0,0,0,0,0,0,0,0,0,0,0,0,0,0,0,0,0,0,0,0,0,0,0,0,0,0,0,0,-1.64486404245318,-1.48673353914625,-1.33847560850462,-1.50206084845606,-1.94421040006941,1.99613887708264,1.8649458590965,1.93768971419305,1.66426355098953,1.29948708584668,1.2797533323555,-1.47568232140423,-1.01862401353445,-1.0114893291879,1.53859804721152,-1.21435297478511,1.8644530386862,-1.08270572908208,1.83733813196178,1.14789284177539,-1.11757513714905,1.65311870396484,-1.72524927480547,-1.22344638839146,1.49381783142447,-1.39912063405221,35.392934726103,-1.44396880500299,-1.44396880500299,-1.44396880500299,-1.44396880500299,-1.44396880500299,-1.44396880500299,-1.44396880500299
0,0,0,0,0,0,0,0,0,0,0,0,0,0,0,0,0,0,0,0,0,0,0,0,0,0,0,0,0,0,0,0,0,0,0,0,0,0,0,0,0,0,0,0,0,0,0,0,0,0,0,0,0,0,0,0,0,0,0,0,0,0,0,0,0,0,-1.64486404245318,-1.48673353914625,-1.33847560850462,-1.50206084845606,-1.94421040006941,1.99613887708264,1.8649458590965,1.93768971419305,1.66426355098953,1.29948708584668,1.2797533323555,-1.47568232140423,-1.01862401353445,-1.0114893291879,1.53859804721152,-1.21435297478511,1.8644530386862,-1.08270572908208,1.83733813196178,1.14789284177539,-1.11757513714905,1.65311870396484,-1.72524927480547,-1.22344638839146,1.49381783142447,-1.39912063405221,-1.44396880500299,37.0492470380977,1.3001273276919,1.3001273276919,1.3001273276919,1.3001273276919,1.3001273276919,1.3001273276919
0,0,0,0,0,0,0,0,0,0,0,0,0,0,0,0,0,0,0,0,0,0,0,0,0,0,0,0,0,0,0,0,0,0,0,0,0,0,0,0,0,0,0,0,0,0,0,0,0,0,0,0,0,0,0,0,0,0,0,0,0,0,0,0,0,0,-1.64486404245318,-1.48673353914625,-1.33847560850462,-1.50206084845606,-1.94421040006941,1.99613887708264,1.8649458590965,1.93768971419305,1.66426355098953,1.29948708584668,1.2797533323555,-1.47568232140423,-1.01862401353445,-1.0114893291879,1.53859804721152,-1.21435297478511,1.8644530386862,-1.08270572908208,1.83733813196178,1.14789284177539,-1.11757513714905,1.65311870396484,-1.72524927480547,-1.22344638839146,1.49381783142447,-1.39912063405221,-1.44396880500299,1.3001273276919,36.5928071000349,-1.61060172896139,-1.61060172896139,-1.61060172896139,-1.61060172896139,-1.61060172896139
0,0,0,0,0,0,0,0,0,0,0,0,0,0,0,0,0,0,0,0,0,0,0,0,0,0,0,0,0,0,0,0,0,0,0,0,0,0,0,0,0,0,0,0,0,0,0,0,0,0,0,0,0,0,0,0,0,0,0,0,0,0,0,0,0,0,-1.64486404245318,-1.48673353914625,-1.33847560850462,-1.50206084845606,-1.94421040006941,1.99613887708264,1.8649458590965,1.93768971419305,1.66426355098953,1.29948708584668,1.2797533323555,-1.47568232140423,-1.01862401353445,-1.0114893291879,1.53859804721152,-1.21435297478511,1.8644530386862,-1.08270572908208,1.83733813196178,1.14789284177539,-1.11757513714905,1.65311870396484,-1.72524927480547,-1.22344638839146,1.49381783142447,-1.39912063405221,-1.44396880500299,1.3001273276919,-1.61060172896139,35.5949427668902,1.15650253550112,1.15650253550112,1.15650253550112,1.15650253550112
0,0,0,0,0,0,0,0,0,0,0,0,0,0,0,0,0,0,0,0,0,0,0,0,0,0,0,0,0,0,0,0,0,0,0,0,0,0,0,0,0,0,0,0,0,0,0,0,0,0,0,0,0,0,0,0,0,0,0,0,0,0,0,0,0,0,-1.64486404245318,-1.48673353914625,-1.33847560850462,-1.50206084845606,-1.94421040006941,1.99613887708264,1.8649458590965,1.93768971419305,1.66426355098953,1.29948708584668,1.2797533323555,-1.47568232140423,-1.01862401353445,-1.0114893291879,1.53859804721152,-1.21435297478511,1.8644530386862,-1.08270572908208,1.83733813196178,1.14789284177539,-1.11757513714905,1.65311870396484,-1.72524927480547,-1.22344638839146,1.49381783142447,-1.39912063405221,-1.44396880500299,1.3001273276919,-1.61060172896139,1.15650253550112,36.9727646695977,1.79048653206082,1.79048653206082,1.79048653206082
0,0,0,0,0,0,0,0,0,0,0,0,0,0,0,0,0,0,0,0,0,0,0,0,0,0,0,0,0,0,0,0,0,0,0,0,0,0,0,0,0,0,0,0,0,0,0,0,0,0,0,0,0,0,0,0,0,0,0,0,0,0,0,0,0,0,-1.64486404245318,-1.48673353914625,-1.33847560850462,-1.50206084845606,-1.94421040006941,1.99613887708264,1.8649458590965,1.93768971419305,1.66426355098953,1.29948708584668,1.2797533323555,-1.47568232140423,-1.01862401353445,-1.0114893291879,1.53859804721152,-1.21435297478511,1.8644530386862,-1.08270572908208,1.83733813196178,1.14789284177539,-1.11757513714905,1.65311870396484,-1.72524927480547,-1.22344638839146,1.49381783142447,-1.39912063405221,-1.44396880500299,1.3001273276919,-1.61060172896139,1.15650253550112,1.79048653206082,36.891658718756,1.63415688381819,1.63415688381819
0,0,0,0,0,0,0,0,0,0,0,0,0,0,0,0,0,0,0,0,0,0,0,0,0,0,0,0,0,0,0,0,0,0,0,0,0,0,0,0,0,0,0,0,0,0,0,0,0,0,0,0,0,0,0,0,0,0,0,0,0,0,0,0,0,0,-1.64486404245318,-1.48673353914625,-1.33847560850462,-1.50206084845606,-1.94421040006941,1.99613887708264,1.8649458590965,1.93768971419305,1.66426355098953,1.29948708584668,1.2797533323555,-1.47568232140423,-1.01862401353445,-1.0114893291879,1.53859804721152,-1.21435297478511,1.8644530386862,-1.08270572908208,1.83733813196178,1.14789284177539,-1.11757513714905,1.65311870396484,-1.72524927480547,-1.22344638839146,1.49381783142447,-1.39912063405221,-1.44396880500299,1.3001273276919,-1.61060172896139,1.15650253550112,1.79048653206082,1.63415688381819,36.6085327816752,1.22226129298462
0,0,0,0,0,0,0,0,0,0,0,0,0,0,0,0,0,0,0,0,0,0,0,0,0,0,0,0,0,0,0,0,0,0,0,0,0,0,0,0,0,0,0,0,0,0,0,0,0,0,0,0,0,0,0,0,0,0,0,0,0,0,0,0,0,0,-1.64486404245318,-1.48673353914625,-1.33847560850462,-1.50206084845606,-1.94421040006941,1.99613887708264,1.8649458590965,1.93768971419305,1.66426355098953,1.29948708584668,1.2797533323555,-1.47568232140423,-1.01862401353445,-1.0114893291879,1.53859804721152,-1.21435297478511,1.8644530386862,-1.08270572908208,1.83733813196178,1.14789284177539,-1.11757513714905,1.65311870396484,-1.72524927480547,-1.22344638839146,1.49381783142447,-1.39912063405221,-1.44396880500299,1.3001273276919,-1.61060172896139,1.15650253550112,1.79048653206082,1.63415688381819,1.22226129298462,36.6934899980303
